City,Bedroom,Hall,Kitchen,Sqft,Year Built,Distance to City Center (km),Nearby School (Y/N),Hospital Nearby (Y/N),Price (in Lakhs)
Tiruppur,5,1,1,2578,2004,2.38,Y,Y,106.25
Erode,3,1,1,1162,2015,3.04,Y,Y,49.19
Trichy,1,1,1,479,2006,3.65,N,Y,23.83
Erode,5,1,1,2788,2013,3.53,Y,Y,118.02
Thoothukudi,1,1,1,611,2014,6.24,Y,Y,18.73
Trichy,5,1,1,2438,2022,4.29,Y,Y,110.65
Tirunelveli,2,1,1,973,2004,7.54,Y,Y,30.71
Vellore,1,1,1,489,2012,6.25,Y,Y,17.2
Thoothukudi,5,1,1,3462,2010,7.88,Y,Y,106.14
Madurai,5,1,1,3148,2024,4.03,Y,Y,139.77
Trichy,4,1,1,2155,2013,4.03,N,N,92.19
Coimbatore,3,1,1,1500,2007,2.68,Y,Y,83.55
Tiruppur,1,1,1,564,2017,4.3,Y,Y,20.59
Tirunelveli,5,1,1,2414,2024,6.56,Y,N,73.97
Vellore,5,1,1,3280,2019,2.91,N,Y,138.35
Madurai,1,1,1,536,2012,6.81,Y,Y,21.75
Madurai,4,1,1,2004,2023,3.09,Y,Y,100.46
Salem,1,1,1,674,2000,2.9,Y,Y,30.03
Thoothukudi,5,1,1,3302,2014,7.58,Y,N,98.29
Thoothukudi,2,1,1,1008,2011,8.41,N,Y,30.01
Tirunelveli,1,1,1,688,2020,7.26,Y,Y,21.71
Coimbatore,1,1,1,432,2015,4.5,N,N,20.09
Vellore,1,1,1,511,2022,4.81,Y,Y,19.66
Vellore,4,1,1,1706,2003,3.34,N,Y,71.96
Madurai,2,1,1,806,2000,6.19,Y,Y,32.71
Trichy,1,1,1,660,2022,2.58,N,Y,32.83
Tiruppur,2,1,1,961,2014,3.19,N,N,37.33
Coimbatore,1,1,1,641,2021,4.66,Y,Y,31.62
Vellore,2,1,1,1066,2013,6.63,N,Y,36.4
Tirunelveli,2,1,1,794,2000,5.89,Y,Y,27.42
Chennai,5,1,1,2904,2004,4.68,Y,Y,200.56
Erode,2,1,1,950,2019,4.29,N,Y,34.58
Erode,3,1,1,1133,2005,4.0,Y,Y,47.96
Coimbatore,1,1,1,409,2011,5.34,Y,Y,20.18
Salem,5,1,1,2824,2022,2.72,Y,Y,125.83
Chennai,1,1,1,507,2013,2.54,Y,Y,39.53
Tirunelveli,1,1,1,478,2023,6.62,Y,N,14.65
Trichy,3,1,1,1449,2004,5.51,Y,Y,65.76
Vellore,3,1,1,1513,2006,5.0,N,N,54.88
Madurai,5,1,1,2361,2019,3.45,Y,Y,118.35
Coimbatore,4,1,1,2036,2019,3.34,Y,N,110.1
Salem,1,1,1,527,2006,5.63,Y,Y,20.8
Salem,1,1,1,409,2012,2.6,Y,Y,18.22
Chennai,1,1,1,679,2009,3.66,Y,Y,52.95
Coimbatore,3,1,1,1473,2020,2.18,Y,Y,82.04
Erode,2,1,1,964,2000,3.85,Y,Y,40.81
Chennai,3,1,1,1518,2000,5.12,N,Y,101.79
Thoothukudi,4,1,1,1701,2023,7.38,Y,Y,52.15
Madurai,3,1,1,1290,2005,5.79,Y,Y,57.27
Tiruppur,1,1,1,566,2016,5.65,Y,Y,20.66
Vellore,3,1,1,1220,2011,6.38,Y,N,41.66
Salem,4,1,1,2014,2005,5.95,Y,Y,79.48
Thoothukudi,3,1,1,1123,2024,4.93,Y,Y,37.67
Madurai,3,1,1,1263,2016,5.74,N,Y,54.44
Tiruppur,5,1,1,3402,2005,3.91,Y,N,136.13
Salem,5,1,1,2338,2007,2.28,N,Y,101.14
Tiruppur,5,1,1,2314,2022,5.34,Y,N,82.01
Erode,1,1,1,558,2004,2.21,N,Y,22.93
Tirunelveli,3,1,1,1438,2023,5.46,N,Y,48.21
Tirunelveli,5,1,1,3133,2014,5.28,Y,Y,108.19
Coimbatore,1,1,1,496,2014,5.76,N,Y,23.76
Salem,3,1,1,1339,2013,6.09,Y,Y,48.3
Coimbatore,1,1,1,599,2000,4.0,N,N,31.45
Tiruppur,5,1,1,3251,2001,5.49,Y,Y,118.68
Madurai,2,1,1,759,2024,3.82,Y,Y,38.05
Erode,1,1,1,403,2016,2.28,Y,Y,17.06
Coimbatore,2,1,1,1043,2016,4.34,N,Y,49.95
Trichy,1,1,1,653,2008,3.56,Y,Y,33.46
Trichy,5,1,1,3281,2018,5.54,N,Y,144.57
Coimbatore,3,1,1,1456,2012,5.54,N,N,67.7
Trichy,2,1,1,966,2021,3.94,Y,Y,49.5
Tirunelveli,2,1,1,962,2011,6.94,N,Y,29.48
Thoothukudi,5,1,1,3112,2016,7.11,Y,N,92.63
Trichy,5,1,1,3257,2012,4.79,Y,N,143.51
Thoothukudi,1,1,1,402,2015,5.45,Y,Y,13.49
Thoothukudi,3,1,1,1500,2008,5.75,Y,Y,50.32
Salem,3,1,1,1241,2003,5.6,Y,Y,48.98
Madurai,4,1,1,1738,2012,5.56,N,Y,74.92
Trichy,3,1,1,1493,2014,5.32,N,Y,65.79
Erode,1,1,1,532,2007,2.86,Y,Y,22.52
Thoothukudi,5,1,1,2974,2020,7.05,N,N,85.95
Vellore,5,1,1,3472,2013,4.16,N,Y,129.71
Trichy,4,1,1,1937,2013,4.66,N,Y,85.35
Vellore,5,1,1,2933,2006,6.66,Y,Y,103.15
Trichy,1,1,1,626,2020,4.68,N,N,26.78
Vellore,4,1,1,1696,2021,5.25,Y,Y,65.26
Chennai,4,1,1,2120,2017,3.37,Y,Y,165.31
Trichy,5,1,1,2958,2009,2.05,N,Y,147.16
Thoothukudi,5,1,1,2996,2004,8.32,Y,N,89.18
Madurai,2,1,1,744,2024,7.0,Y,N,29.31
Erode,3,1,1,1200,2005,3.33,Y,Y,50.8
Tirunelveli,1,1,1,545,2019,5.8,Y,Y,18.82
Trichy,2,1,1,765,2007,3.07,Y,Y,39.2
Thoothukudi,3,1,1,1553,2001,6.84,Y,Y,47.61
Tirunelveli,4,1,1,1642,2004,4.15,Y,Y,56.7
Coimbatore,2,1,1,914,2009,2.86,N,Y,49.42
Salem,4,1,1,2001,2003,5.26,Y,Y,78.97
Thoothukudi,1,1,1,475,2015,7.21,N,Y,14.14
Erode,3,1,1,1115,2014,4.44,Y,Y,41.8
Madurai,5,1,1,2785,2020,5.84,Y,Y,123.65
Salem,4,1,1,2170,2022,3.61,Y,N,93.87
Tirunelveli,3,1,1,1265,2010,6.32,Y,N,38.76
Trichy,3,1,1,1319,2000,4.0,Y,Y,67.59
Salem,2,1,1,818,2020,2.75,Y,N,35.39
Thoothukudi,5,1,1,2426,2008,7.21,Y,Y,74.38
Madurai,2,1,1,904,2018,4.51,Y,N,38.97
Madurai,4,1,1,2176,2000,3.73,Y,Y,109.08
Thoothukudi,4,1,1,1983,2010,7.21,Y,Y,60.8
Thoothukudi,1,1,1,621,2020,8.25,Y,N,18.49
Coimbatore,3,1,1,1447,2003,2.49,Y,Y,80.59
Trichy,3,1,1,1258,2019,2.13,Y,Y,64.46
Madurai,1,1,1,595,2005,5.91,Y,Y,26.42
Trichy,2,1,1,1001,2023,4.54,N,N,42.82
Madurai,5,1,1,3073,2020,5.44,Y,N,132.46
Trichy,1,1,1,645,2002,2.64,N,Y,32.09
Chennai,5,1,1,2557,2004,4.54,Y,Y,176.6
Salem,2,1,1,932,2024,2.42,Y,Y,41.53
Vellore,5,1,1,3396,2014,5.86,N,N,123.17
Chennai,4,1,1,1798,2004,3.14,Y,N,136.12
Chennai,1,1,1,485,2013,6.4,Y,N,29.72
Salem,4,1,1,2029,2011,4.21,Y,N,77.74
Salem,4,1,1,2018,2000,5.58,Y,Y,79.64
Chennai,4,1,1,1871,2014,3.12,Y,N,141.64
Tirunelveli,2,1,1,885,2014,4.87,Y,Y,30.56
Vellore,4,1,1,2160,2017,3.74,Y,N,91.11
Thoothukudi,3,1,1,1313,2010,6.41,Y,N,39.08
Erode,1,1,1,472,2019,3.56,Y,N,19.4
Madurai,5,1,1,2927,2004,4.6,Y,Y,129.95
Tiruppur,2,1,1,905,2021,5.18,Y,N,32.08
Salem,1,1,1,624,2000,2.21,Y,Y,27.8
Tiruppur,4,1,1,1634,2010,3.85,Y,Y,67.35
Chennai,2,1,1,738,2022,5.86,Y,Y,50.97
Vellore,5,1,1,3053,2020,2.96,Y,Y,132.63
Coimbatore,2,1,1,1089,2024,5.79,Y,Y,53.72
Trichy,3,1,1,1444,2021,3.08,N,N,69.75
Coimbatore,5,1,1,2475,2019,4.03,Y,Y,122.1
Vellore,1,1,1,460,2015,2.7,Y,N,19.4
Erode,4,1,1,1705,2011,2.18,Y,Y,72.17
Chennai,4,1,1,1892,2001,3.64,Y,N,143.23
Thoothukudi,3,1,1,1474,2014,6.89,Y,Y,45.19
Salem,4,1,1,1685,2021,2.41,N,Y,72.89
Thoothukudi,1,1,1,426,2021,6.38,N,Y,12.68
Tirunelveli,1,1,1,490,2000,5.49,Y,Y,16.92
Thoothukudi,4,1,1,1767,2021,7.55,Y,N,52.6
Thoothukudi,2,1,1,716,2002,4.55,Y,Y,24.02
Vellore,3,1,1,1563,2019,5.86,Y,Y,60.14
Tirunelveli,2,1,1,1006,2013,5.29,N,N,32.75
Salem,3,1,1,1525,2024,2.87,Y,Y,67.95
Thoothukudi,3,1,1,1442,2020,5.16,Y,Y,48.37
Coimbatore,3,1,1,1498,2023,2.64,Y,N,81.0
Tirunelveli,1,1,1,496,2007,5.83,N,Y,16.63
Trichy,4,1,1,2033,2024,3.58,Y,N,101.14
Thoothukudi,4,1,1,1988,2017,4.96,Y,Y,66.69
Chennai,5,1,1,2955,2010,4.49,Y,N,198.14
Salem,5,1,1,2395,2011,4.28,Y,Y,94.52
Tiruppur,1,1,1,540,2008,4.65,Y,Y,19.71
Tirunelveli,5,1,1,3120,2005,5.13,Y,Y,107.74
Salem,3,1,1,1269,2000,4.46,Y,Y,50.08
Madurai,3,1,1,1291,2024,3.97,Y,Y,64.71
Thoothukudi,1,1,1,449,2003,4.86,N,N,14.2
Tiruppur,3,1,1,1509,2022,5.75,N,Y,53.48
Erode,5,1,1,3434,2021,5.48,Y,Y,128.75
Madurai,1,1,1,524,2011,6.31,Y,Y,21.26
Trichy,1,1,1,632,2023,4.78,Y,Y,28.68
Tiruppur,1,1,1,420,2004,2.89,N,Y,16.81
Tirunelveli,5,1,1,3314,2021,7.73,Y,N,101.55
Salem,5,1,1,2635,2018,4.27,N,Y,100.96
Tiruppur,1,1,1,472,2002,5.72,N,Y,16.73
Salem,5,1,1,3405,2008,3.99,Y,Y,151.72
Thoothukudi,2,1,1,933,2003,6.43,Y,Y,28.61
Vellore,2,1,1,741,2008,4.42,Y,Y,28.51
Tiruppur,1,1,1,538,2011,5.5,Y,N,19.07
Erode,4,1,1,2038,2019,5.18,Y,Y,76.41
Thoothukudi,5,1,1,3374,2014,8.26,Y,Y,103.45
Tiruppur,3,1,1,1552,2014,5.33,N,Y,55.01
Chennai,1,1,1,469,2023,6.24,N,N,27.91
Erode,1,1,1,568,2019,3.24,Y,Y,24.04
Coimbatore,5,1,1,2727,2008,3.31,Y,Y,151.89
Coimbatore,2,1,1,842,2016,2.95,Y,Y,46.9
Erode,3,1,1,1308,2003,5.18,Y,Y,49.04
Tiruppur,4,1,1,1739,2022,2.83,N,N,67.56
Chennai,4,1,1,1628,2021,4.18,Y,Y,112.44
Tirunelveli,2,1,1,752,2012,4.14,Y,Y,25.97
Salem,2,1,1,827,2001,3.05,Y,Y,36.85
Vellore,1,1,1,674,2013,5.24,Y,Y,25.93
Tirunelveli,4,1,1,1792,2002,7.2,Y,Y,56.56
Trichy,5,1,1,2329,2015,4.18,Y,N,102.62
Tiruppur,1,1,1,602,2013,2.61,Y,Y,24.81
Thoothukudi,5,1,1,2978,2016,6.11,Y,Y,91.31
Salem,1,1,1,667,2000,2.86,N,Y,28.85
Madurai,3,1,1,1171,2002,6.75,N,Y,46.13
Tiruppur,4,1,1,2043,2018,2.47,N,N,79.37
Thoothukudi,3,1,1,1299,2018,8.19,Y,N,38.67
Madurai,5,1,1,3327,2005,6.97,N,N,127.26
Vellore,1,1,1,568,2004,2.88,Y,Y,24.68
Madurai,5,1,1,3406,2017,6.47,Y,N,134.19
Madurai,2,1,1,1081,2005,6.67,Y,Y,43.87
Erode,5,1,1,3193,2009,2.01,Y,N,131.22
Vellore,5,1,1,3097,2004,4.41,Y,Y,119.17
Tirunelveli,2,1,1,941,2004,6.12,Y,N,28.83
Trichy,2,1,1,703,2016,5.98,Y,Y,31.91
Salem,4,1,1,1681,2023,2.23,Y,Y,74.9
Trichy,3,1,1,1426,2020,3.39,N,N,68.88
Tirunelveli,4,1,1,1848,2010,7.56,Y,N,56.63
Madurai,4,1,1,2111,2020,5.86,Y,Y,93.73
Trichy,3,1,1,1371,2011,4.82,Y,Y,62.22
Madurai,4,1,1,1825,2023,5.54,N,Y,78.67
Tirunelveli,4,1,1,1623,2009,6.84,N,Y,49.73
Madurai,3,1,1,1275,2010,4.16,Y,Y,56.61
Trichy,5,1,1,3221,2014,4.6,Y,Y,146.19
Vellore,5,1,1,3400,2002,4.14,Y,Y,130.83
Salem,4,1,1,2260,2014,3.13,Y,N,97.77
Tirunelveli,4,1,1,2223,2000,5.19,N,Y,74.53
Salem,4,1,1,2111,2023,3.11,Y,Y,94.06
Coimbatore,2,1,1,845,2017,4.21,Y,Y,41.69
Vellore,1,1,1,405,2021,6.1,N,Y,13.83
Thoothukudi,3,1,1,1581,2010,6.83,Y,N,47.06
Madurai,4,1,1,1881,2001,4.95,Y,Y,83.51
Tirunelveli,2,1,1,730,2002,4.52,Y,Y,25.21
Trichy,5,1,1,3347,2000,4.78,Y,N,147.48
Vellore,1,1,1,592,2004,4.88,Y,Y,22.78
Thoothukudi,1,1,1,564,2017,7.6,Y,Y,17.29
Chennai,1,1,1,587,2006,3.33,Y,N,44.44
Tirunelveli,4,1,1,2069,2000,4.52,Y,Y,71.45
Tiruppur,4,1,1,1672,2010,6.0,Y,Y,61.04
Thoothukudi,3,1,1,1336,2022,8.17,Y,Y,40.96
Vellore,3,1,1,1390,2010,5.15,Y,Y,53.49
Tirunelveli,3,1,1,1559,2020,4.96,Y,Y,53.84
Coimbatore,4,1,1,1717,2009,3.86,N,N,90.14
Salem,1,1,1,686,2007,4.7,N,Y,26.28
Madurai,3,1,1,1173,2001,6.77,N,N,44.87
Tiruppur,2,1,1,1096,2024,2.6,Y,Y,45.17
Coimbatore,5,1,1,2678,2002,3.0,N,Y,144.81
Salem,3,1,1,1176,2001,5.42,Y,N,45.06
Madurai,4,1,1,2245,2012,6.06,N,Y,88.45
Chennai,5,1,1,3420,2004,3.7,Y,N,258.91
Tirunelveli,2,1,1,788,2023,7.75,N,N,23.44
Salem,3,1,1,1104,2023,5.01,Y,N,42.3
Erode,2,1,1,848,2020,4.84,N,Y,30.87
Coimbatore,2,1,1,1066,2002,5.09,N,Y,51.06
Madurai,3,1,1,1344,2018,4.27,Y,N,57.93
Salem,4,1,1,2222,2008,2.55,N,Y,96.12
Madurai,3,1,1,1254,2013,3.03,Y,Y,62.86
Coimbatore,2,1,1,854,2023,5.65,N,Y,40.9
Tiruppur,3,1,1,1342,2002,3.11,Y,Y,55.31
Erode,2,1,1,936,2013,3.69,Y,Y,39.62
Salem,2,1,1,759,2024,2.67,Y,Y,33.82
Coimbatore,2,1,1,957,2002,5.78,Y,Y,47.21
Salem,5,1,1,2370,2005,4.67,N,Y,90.81
Tiruppur,5,1,1,2443,2018,3.82,Y,N,97.76
Madurai,2,1,1,759,2018,3.43,Y,Y,38.05
Tiruppur,2,1,1,735,2021,3.17,Y,N,29.41
Trichy,1,1,1,626,2004,2.93,Y,N,31.14
Erode,4,1,1,1655,2009,5.4,Y,Y,62.05
Coimbatore,4,1,1,1687,2000,5.23,Y,Y,83.22
Thoothukudi,1,1,1,458,2016,7.67,Y,Y,14.04
Chennai,1,1,1,522,2023,3.32,Y,N,39.52
Trichy,3,1,1,1587,2008,4.37,Y,N,69.93
Coimbatore,3,1,1,1557,2016,3.7,Y,Y,86.72
Vellore,4,1,1,1955,2024,5.51,Y,N,73.04
Vellore,2,1,1,815,2002,6.0,N,Y,30.45
Erode,1,1,1,500,2021,3.49,Y,N,20.55
Coimbatore,1,1,1,561,2024,5.36,N,N,26.09
Chennai,2,1,1,1088,2018,4.95,N,Y,72.95
Erode,4,1,1,2072,2000,1.55,Y,Y,87.71
Thoothukudi,4,1,1,2006,2021,6.92,N,Y,59.71
Trichy,2,1,1,1053,2014,2.24,Y,N,52.39
Tirunelveli,5,1,1,2318,2000,6.32,N,Y,71.03
Chennai,5,1,1,3161,2006,3.5,Y,Y,246.48
Chennai,4,1,1,1945,2017,5.61,Y,N,130.42
Tiruppur,5,1,1,3430,2006,4.79,Y,Y,125.21
Tirunelveli,5,1,1,2310,2018,5.97,Y,N,77.45
Tirunelveli,5,1,1,2589,2021,5.5,N,N,84.27
Tirunelveli,3,1,1,1545,2003,4.85,N,N,50.29
Erode,1,1,1,509,2009,3.58,Y,N,20.92
Erode,4,1,1,2155,2017,5.14,Y,Y,80.8
Erode,5,1,1,2694,2004,5.31,Y,Y,101.0
Trichy,4,1,1,1861,2014,3.46,Y,Y,95.36
Salem,5,1,1,3182,2023,4.12,Y,Y,125.58
Trichy,4,1,1,1690,2004,2.15,Y,Y,86.6
Tirunelveli,2,1,1,994,2014,5.92,Y,Y,34.33
Tiruppur,3,1,1,1102,2016,2.71,Y,Y,45.42
Coimbatore,3,1,1,1324,2005,3.98,Y,N,71.6
Erode,1,1,1,437,2013,3.66,Y,Y,18.5
Chennai,2,1,1,892,2002,2.86,Y,Y,69.55
Chennai,3,1,1,1274,2010,5.34,Y,N,85.43
Salem,2,1,1,1079,2012,4.2,Y,Y,42.58
Salem,2,1,1,955,2014,2.56,Y,Y,42.55
Salem,3,1,1,1423,2021,3.46,N,N,59.77
Tirunelveli,4,1,1,2034,2000,4.04,N,N,66.21
Coimbatore,5,1,1,3147,2020,5.72,Y,N,150.73
Trichy,5,1,1,3070,2018,3.89,Y,Y,157.31
Coimbatore,4,1,1,1812,2012,4.99,Y,Y,89.39
Chennai,5,1,1,2965,2021,5.02,Y,N,198.81
Trichy,3,1,1,1115,2024,4.86,Y,Y,50.6
Tirunelveli,1,1,1,678,2003,4.28,Y,Y,23.41
Salem,1,1,1,523,2008,5.46,Y,Y,20.64
Trichy,4,1,1,2074,2001,2.06,Y,N,103.18
Thoothukudi,3,1,1,1464,2021,6.81,N,Y,43.58
Madurai,5,1,1,3027,2008,4.14,Y,Y,134.39
Tirunelveli,3,1,1,1170,2002,7.92,N,Y,35.85
Tirunelveli,4,1,1,1733,2015,5.37,Y,N,58.1
Coimbatore,4,1,1,1668,2020,5.77,Y,Y,82.29
Thoothukudi,3,1,1,1456,2024,5.78,Y,Y,48.84
Coimbatore,4,1,1,1817,2017,2.71,Y,Y,101.2
Tiruppur,5,1,1,3296,2022,2.66,N,N,128.05
Chennai,1,1,1,627,2000,4.36,N,Y,42.04
Thoothukudi,3,1,1,1425,2020,5.85,Y,Y,47.8
Trichy,1,1,1,538,2024,5.79,Y,Y,24.42
Coimbatore,3,1,1,1188,2020,4.62,Y,N,56.9
Trichy,3,1,1,1465,2011,5.1,N,N,62.67
Tiruppur,2,1,1,1027,2006,4.23,Y,N,36.4
Tirunelveli,4,1,1,2274,2015,6.3,Y,Y,71.77
Chennai,2,1,1,912,2010,4.01,Y,N,61.15
Vellore,1,1,1,442,2010,4.77,Y,N,16.51
Coimbatore,5,1,1,3259,2001,4.5,Y,Y,160.77
Coimbatore,1,1,1,649,2023,4.11,Y,Y,32.02
Coimbatore,3,1,1,1577,2012,2.83,Y,Y,87.83
Coimbatore,5,1,1,3333,2007,2.04,Y,Y,185.64
Salem,2,1,1,1074,2024,3.41,N,Y,46.46
Tiruppur,5,1,1,2989,2022,3.04,Y,N,119.61
Vellore,3,1,1,1386,2021,6.06,Y,Y,48.74
Chennai,4,1,1,2173,2017,6.05,Y,Y,137.17
Madurai,3,1,1,1576,2003,3.63,N,N,74.47
Tiruppur,1,1,1,681,2005,5.32,Y,Y,24.86
Thoothukudi,1,1,1,609,2021,6.12,Y,Y,18.67
Erode,3,1,1,1566,2023,4.87,Y,Y,58.71
Thoothukudi,3,1,1,1335,2002,6.14,Y,N,39.74
Tiruppur,2,1,1,755,2024,5.17,N,Y,26.76
Vellore,1,1,1,410,2014,2.89,Y,Y,17.81
Chennai,5,1,1,3348,2024,5.43,N,N,217.95
Erode,5,1,1,2760,2005,1.65,N,N,110.12
Chennai,5,1,1,3354,2007,3.59,Y,Y,261.53
Erode,4,1,1,1911,2017,3.26,Y,Y,80.89
Thoothukudi,4,1,1,1955,2001,7.91,N,Y,58.19
Salem,3,1,1,1302,2010,3.97,Y,Y,58.01
Salem,1,1,1,661,2005,4.21,Y,Y,26.09
Vellore,4,1,1,2191,2011,2.71,N,Y,92.41
Salem,3,1,1,1491,2004,5.22,Y,Y,58.84
Madurai,4,1,1,2226,2007,3.23,Y,N,108.33
Salem,3,1,1,1187,2011,6.01,Y,Y,42.82
Chennai,4,1,1,1864,2024,5.54,Y,Y,128.74
Coimbatore,4,1,1,2127,2010,2.39,Y,Y,118.47
Vellore,3,1,1,1162,2004,4.07,Y,Y,44.71
Thoothukudi,5,1,1,2350,2001,7.38,Y,N,69.95
Trichy,4,1,1,2017,2019,5.72,Y,Y,91.54
Trichy,2,1,1,832,2004,2.6,N,Y,41.39
Madurai,5,1,1,2772,2014,3.56,N,N,130.98
Trichy,4,1,1,2290,2005,2.74,N,Y,113.93
Chennai,2,1,1,817,2022,4.39,N,Y,54.78
Chennai,1,1,1,678,2022,4.84,Y,Y,46.83
Chennai,2,1,1,1080,2014,2.54,Y,Y,84.21
Trichy,1,1,1,675,2016,2.84,Y,Y,34.59
Coimbatore,2,1,1,884,2020,3.75,Y,N,47.8
Salem,4,1,1,1824,2014,2.6,Y,N,78.91
Tirunelveli,1,1,1,644,2013,6.29,Y,Y,20.33
Erode,3,1,1,1289,2022,2.93,Y,N,52.97
Madurai,1,1,1,588,2015,5.66,Y,Y,26.11
Thoothukudi,2,1,1,922,2009,4.62,Y,Y,30.93
Vellore,2,1,1,1031,2019,4.41,Y,Y,39.67
Salem,2,1,1,969,2017,3.05,N,Y,41.92
Thoothukudi,4,1,1,2228,2019,6.37,N,Y,66.32
Trichy,2,1,1,741,2022,3.49,Y,Y,37.97
Tiruppur,3,1,1,1487,2018,5.6,Y,Y,54.28
Tirunelveli,1,1,1,415,2004,5.33,Y,Y,14.33
Tiruppur,4,1,1,2253,2021,5.37,Y,Y,82.25
Salem,4,1,1,2027,2015,2.57,Y,Y,90.32
Tiruppur,4,1,1,1852,2004,4.54,Y,Y,67.61
Chennai,2,1,1,970,2010,3.24,Y,Y,75.64
Madurai,2,1,1,752,2010,4.41,N,Y,32.42
Vellore,3,1,1,1205,2018,5.41,Y,Y,46.37
Salem,5,1,1,2989,2019,3.36,Y,Y,133.18
Tirunelveli,3,1,1,1312,2011,5.74,Y,Y,45.31
Coimbatore,4,1,1,1659,2016,3.76,Y,Y,92.4
Coimbatore,1,1,1,474,2023,5.03,Y,Y,23.38
Erode,2,1,1,1049,2023,5.39,Y,Y,39.33
Vellore,2,1,1,1068,2022,6.01,Y,N,36.47
Salem,5,1,1,3225,2008,4.46,Y,Y,127.28
Erode,1,1,1,449,2018,2.0,Y,Y,19.01
Tiruppur,4,1,1,2005,2023,6.18,Y,Y,66.9
Madurai,4,1,1,1916,2009,6.7,Y,N,75.49
Thoothukudi,2,1,1,1040,2015,6.56,Y,Y,31.89
Salem,1,1,1,647,2013,5.38,N,Y,24.79
Chennai,5,1,1,2705,2015,2.89,Y,N,204.78
Tirunelveli,5,1,1,2520,2000,5.14,N,N,82.03
Salem,4,1,1,2045,2018,5.54,Y,Y,80.71
Trichy,2,1,1,976,2014,5.07,N,N,41.75
Tirunelveli,2,1,1,956,2018,4.12,Y,Y,33.01
Coimbatore,5,1,1,2691,2014,3.97,N,N,141.28
Vellore,1,1,1,670,2024,4.86,Y,Y,25.78
Trichy,3,1,1,1281,2001,4.42,Y,Y,58.14
Trichy,5,1,1,2383,2012,2.63,Y,Y,122.11
Chennai,5,1,1,3468,2020,4.87,Y,Y,239.52
Thoothukudi,2,1,1,835,2007,5.69,N,Y,27.19
Tiruppur,4,1,1,2209,2010,3.01,Y,N,88.39
Tirunelveli,4,1,1,1632,2007,6.02,Y,Y,51.51
Chennai,2,1,1,869,2009,4.18,Y,Y,60.02
Salem,5,1,1,2420,2006,4.11,Y,Y,95.51
Erode,5,1,1,2550,2021,4.47,Y,Y,95.61
Madurai,1,1,1,573,2001,6.94,Y,Y,23.25
Erode,3,1,1,1279,2017,4.65,Y,N,46.56
Coimbatore,5,1,1,2390,2001,4.95,Y,Y,117.9
Thoothukudi,2,1,1,810,2006,5.99,N,Y,26.38
Erode,1,1,1,451,2007,3.56,Y,Y,19.09
Chennai,2,1,1,1000,2010,5.64,Y,N,67.05
Chennai,1,1,1,415,2002,3.24,Y,Y,32.36
Vellore,1,1,1,677,2002,6.34,Y,Y,23.81
Coimbatore,5,1,1,2904,2019,4.07,Y,Y,143.26
Erode,3,1,1,1118,2011,2.84,Y,Y,47.32
Thoothukudi,2,1,1,995,2013,6.63,Y,Y,30.51
Vellore,1,1,1,647,2000,4.85,Y,Y,24.9
Madurai,5,1,1,2717,2022,3.65,N,N,128.38
Tiruppur,3,1,1,1108,2015,5.97,Y,Y,40.45
Coimbatore,2,1,1,1002,2007,2.63,Y,N,54.18
Salem,5,1,1,3022,2005,6.05,Y,N,105.83
Salem,1,1,1,426,2006,4.11,Y,N,16.32
Vellore,4,1,1,1971,2016,4.92,Y,N,73.63
Salem,5,1,1,2314,2012,3.8,Y,N,100.1
Madurai,4,1,1,1734,2023,3.13,Y,Y,86.92
Erode,5,1,1,3058,2002,3.22,Y,Y,129.44
Coimbatore,1,1,1,683,2013,1.99,Y,Y,38.04
Coimbatore,2,1,1,1042,2022,4.38,Y,Y,51.4
Thoothukudi,2,1,1,800,2001,5.23,Y,N,26.05
Tiruppur,4,1,1,2194,2023,5.96,Y,N,77.76
Trichy,1,1,1,545,2021,3.36,Y,Y,27.93
Tiruppur,5,1,1,2515,2000,5.83,Y,Y,91.81
Thoothukudi,4,1,1,2160,2001,8.37,Y,Y,66.23
Coimbatore,1,1,1,472,2024,2.0,Y,Y,26.29
Tiruppur,1,1,1,607,2008,5.4,N,N,20.89
Chennai,3,1,1,1230,2023,5.68,Y,Y,84.95
Tiruppur,1,1,1,655,2003,3.33,N,Y,26.21
Trichy,3,1,1,1317,2018,3.3,Y,N,65.52
Chennai,4,1,1,1611,2018,5.22,N,Y,108.02
Tiruppur,1,1,1,611,2004,5.07,Y,Y,22.3
Erode,5,1,1,3441,2007,4.24,Y,N,125.25
Tirunelveli,5,1,1,2383,2015,5.03,Y,Y,82.29
Salem,2,1,1,1040,2019,4.83,Y,Y,41.04
Vellore,4,1,1,1783,2010,6.09,Y,Y,62.71
Salem,4,1,1,2015,2024,3.76,Y,Y,89.78
Tirunelveli,2,1,1,722,2003,5.56,N,Y,24.21
Madurai,5,1,1,3120,2003,4.88,Y,N,134.49
Tiruppur,3,1,1,1398,2000,2.84,N,Y,55.94
Madurai,5,1,1,3213,2012,3.34,N,Y,156.37
Tiruppur,4,1,1,2045,2000,5.37,Y,Y,74.65
Salem,4,1,1,2161,2019,5.87,N,Y,82.8
Vellore,1,1,1,463,2012,4.18,Y,Y,17.82
Vellore,3,1,1,1122,2005,2.95,Y,N,47.32
Madurai,2,1,1,744,2022,6.75,Y,Y,30.19
Trichy,3,1,1,1177,2010,5.31,Y,Y,53.42
Tiruppur,3,1,1,1481,2016,5.65,Y,Y,54.06
Coimbatore,4,1,1,1784,2003,3.25,N,Y,96.47
Madurai,1,1,1,584,2023,6.59,Y,N,23.01
Trichy,1,1,1,663,2008,3.49,Y,Y,33.97
Thoothukudi,2,1,1,847,2021,5.1,Y,N,27.59
Coimbatore,1,1,1,443,2004,5.49,Y,N,21.22
Trichy,1,1,1,541,2022,4.56,Y,N,23.84
Tiruppur,4,1,1,2124,2007,3.36,N,N,82.52
Vellore,4,1,1,2205,2024,4.88,Y,Y,84.85
Madurai,1,1,1,458,2013,6.72,Y,Y,18.59
Vellore,5,1,1,3458,2021,6.3,Y,Y,121.61
Chennai,1,1,1,690,2012,3.1,Y,N,52.24
Tirunelveli,4,1,1,2131,2024,6.47,N,N,63.4
Tirunelveli,3,1,1,1358,2015,5.81,Y,N,45.53
Tirunelveli,2,1,1,913,2006,7.07,Y,Y,28.82
Tiruppur,2,1,1,800,2023,5.33,Y,Y,29.2
Tirunelveli,3,1,1,1251,2023,4.74,Y,Y,43.2
Coimbatore,1,1,1,638,2016,4.52,N,Y,30.56
Tirunelveli,1,1,1,527,2008,5.35,Y,N,17.67
Madurai,5,1,1,3266,2005,3.03,Y,Y,163.72
Erode,4,1,1,1987,2022,1.68,Y,Y,84.11
Vellore,3,1,1,1264,2022,5.49,Y,Y,48.64
Madurai,1,1,1,641,2010,3.83,Y,N,31.2
Erode,5,1,1,3037,2019,2.26,Y,N,124.81
Madurai,4,1,1,1731,2003,5.63,Y,N,74.62
Coimbatore,3,1,1,1504,2008,2.68,Y,Y,83.77
Erode,1,1,1,542,2009,2.92,Y,N,22.27
Erode,3,1,1,1280,2022,3.35,Y,Y,54.18
Coimbatore,5,1,1,3280,2003,5.04,Y,Y,161.81
Trichy,2,1,1,841,2018,5.73,Y,Y,38.17
Thoothukudi,4,1,1,1629,2002,4.6,Y,Y,54.65
Salem,2,1,1,850,2009,4.6,Y,N,32.57
Tiruppur,3,1,1,1516,2017,5.17,Y,N,53.73
Tiruppur,5,1,1,2489,2015,4.35,Y,N,88.22
Madurai,1,1,1,587,2018,5.36,Y,Y,26.06
Vellore,4,1,1,1824,2016,3.21,N,Y,76.93
Chennai,2,1,1,809,2003,3.14,Y,N,61.25
Tirunelveli,3,1,1,1385,2001,7.72,Y,Y,43.71
Trichy,1,1,1,559,2023,5.77,Y,N,24.63
Trichy,4,1,1,2168,2014,3.24,Y,N,107.86
Salem,1,1,1,635,2000,3.08,Y,N,27.47
Tirunelveli,4,1,1,1612,2000,6.69,Y,N,49.4
Madurai,2,1,1,981,2004,3.48,N,N,46.35
Tiruppur,2,1,1,761,2018,5.62,Y,N,26.97
Erode,5,1,1,2637,2015,3.72,Y,Y,111.62
Erode,3,1,1,1462,2006,3.89,Y,Y,61.89
Salem,3,1,1,1429,2018,6.19,Y,Y,51.54
Chennai,4,1,1,2010,2021,6.37,Y,Y,126.88
Tirunelveli,2,1,1,748,2005,4.81,Y,Y,25.83
Tirunelveli,5,1,1,2867,2018,7.51,Y,Y,90.49
Tiruppur,3,1,1,1540,2013,3.71,Y,Y,63.47
Coimbatore,1,1,1,599,2023,2.74,Y,Y,33.36
Chennai,3,1,1,1386,2022,5.4,Y,Y,95.72
Tiruppur,1,1,1,442,2022,3.94,Y,Y,18.22
Tirunelveli,5,1,1,3062,2018,7.73,Y,Y,96.64
Vellore,5,1,1,2704,2003,3.53,N,Y,114.05
Erode,3,1,1,1395,2015,2.21,Y,Y,59.05
Vellore,4,1,1,2099,2011,4.97,Y,Y,80.77
Coimbatore,2,1,1,1097,2009,2.16,Y,Y,61.1
Thoothukudi,3,1,1,1212,2024,7.76,Y,N,36.08
Tiruppur,3,1,1,1191,2013,5.45,N,Y,42.21
Thoothukudi,5,1,1,2326,2021,7.75,N,Y,69.24
Chennai,1,1,1,448,2002,2.83,Y,Y,34.93
Tiruppur,1,1,1,557,2009,3.03,Y,N,22.29
Vellore,5,1,1,2620,2024,3.0,N,Y,110.51
Coimbatore,1,1,1,668,2012,2.19,N,N,35.07
Salem,4,1,1,2220,2000,3.45,Y,N,96.04
Thoothukudi,5,1,1,2483,2010,8.42,Y,Y,76.13
Chennai,4,1,1,2065,2019,6.25,Y,Y,130.35
Erode,4,1,1,1785,2001,3.84,Y,Y,75.56
Madurai,2,1,1,934,2005,4.73,Y,Y,41.47
Tirunelveli,5,1,1,3092,2018,6.26,N,N,91.99
Tirunelveli,5,1,1,3260,2003,6.66,N,Y,99.89
Vellore,5,1,1,2700,2005,5.77,Y,Y,103.89
Coimbatore,3,1,1,1257,2021,4.27,N,Y,60.2
Vellore,2,1,1,1020,2005,5.62,N,Y,38.11
Thoothukudi,4,1,1,2120,2010,6.13,Y,Y,65.0
Tiruppur,4,1,1,1664,2001,6.01,Y,Y,55.52
Vellore,2,1,1,877,2016,4.21,N,N,31.81
Thoothukudi,3,1,1,1524,2006,8.3,N,N,44.04
Erode,3,1,1,1239,2015,1.7,Y,Y,52.45
Erode,4,1,1,2273,2013,5.04,N,Y,82.74
Erode,3,1,1,1476,2010,3.57,Y,Y,62.48
Thoothukudi,3,1,1,1519,2018,7.03,N,N,43.9
Tirunelveli,3,1,1,1531,2020,7.24,Y,N,46.91
Salem,3,1,1,1431,2001,5.07,Y,Y,56.48
Tirunelveli,2,1,1,926,2015,4.68,Y,Y,31.98
Salem,5,1,1,3115,2010,5.71,Y,Y,122.93
Chennai,2,1,1,925,2011,3.62,N,Y,70.03
Vellore,5,1,1,2314,2011,3.62,Y,N,97.6
Tirunelveli,4,1,1,2194,2006,4.75,Y,Y,75.76
Thoothukudi,4,1,1,1910,2023,6.6,Y,Y,58.56
Chennai,4,1,1,1826,2014,3.34,N,N,134.21
Coimbatore,3,1,1,1100,2023,5.32,Y,N,52.68
Salem,1,1,1,560,2003,2.38,Y,Y,24.95
Tirunelveli,5,1,1,2771,2017,5.81,Y,Y,95.69
Salem,4,1,1,2078,2008,4.79,Y,N,79.62
Erode,4,1,1,1638,2007,2.37,N,Y,67.32
Vellore,2,1,1,992,2019,4.6,Y,Y,38.17
Chennai,5,1,1,2880,2002,2.71,Y,Y,224.57
Vellore,4,1,1,1645,2015,5.92,Y,N,61.45
Tirunelveli,1,1,1,600,2009,7.91,Y,N,18.39
Vellore,5,1,1,3261,2006,4.77,N,N,118.28
Chennai,4,1,1,1689,2008,3.51,N,Y,127.87
Tirunelveli,3,1,1,1461,2015,6.11,Y,Y,46.11
Tirunelveli,2,1,1,909,2001,4.74,Y,N,30.48
Tiruppur,4,1,1,1942,2013,5.32,Y,Y,70.89
Tiruppur,1,1,1,481,2019,3.03,N,Y,19.25
Coimbatore,2,1,1,991,2003,2.31,Y,Y,55.2
Thoothukudi,5,1,1,3366,2009,8.34,Y,N,100.2
Trichy,2,1,1,955,2013,5.74,Y,Y,43.34
Tiruppur,1,1,1,650,2018,2.56,Y,N,26.01
Erode,3,1,1,1160,2000,4.77,Y,Y,43.49
Vellore,5,1,1,2719,2024,4.85,Y,Y,104.62
Salem,5,1,1,2701,2000,3.11,Y,N,116.85
Vellore,2,1,1,921,2010,5.34,Y,Y,35.44
Salem,3,1,1,1417,2004,4.12,Y,Y,55.92
Trichy,1,1,1,631,2017,5.48,Y,N,27.8
Erode,3,1,1,1225,2023,5.29,Y,N,44.59
Tirunelveli,5,1,1,3329,2008,7.79,N,N,99.04
Tiruppur,5,1,1,3472,2010,6.29,Y,Y,115.84
Madurai,1,1,1,636,2020,6.55,Y,N,25.06
Tirunelveli,2,1,1,916,2019,6.5,Y,N,28.07
Madurai,2,1,1,1032,2001,6.6,Y,Y,41.88
Thoothukudi,4,1,1,1990,2006,5.38,N,N,62.92
Madurai,2,1,1,883,2012,4.41,N,N,36.95
Chennai,4,1,1,2211,2020,4.87,N,Y,148.25
Chennai,2,1,1,1049,2014,3.33,Y,Y,81.8
Thoothukudi,3,1,1,1210,2002,6.73,N,Y,36.02
Salem,2,1,1,802,2002,4.86,Y,Y,31.65
Erode,5,1,1,2558,2001,2.7,N,N,102.06
Chennai,5,1,1,2786,2001,6.14,Y,Y,175.86
Vellore,2,1,1,964,2011,4.47,N,Y,36.01
Trichy,5,1,1,3376,2023,2.6,N,Y,167.95
Tirunelveli,2,1,1,969,2003,5.5,Y,Y,33.46
Madurai,2,1,1,1091,2016,6.48,Y,Y,44.27
Madurai,5,1,1,3027,2003,5.02,Y,Y,134.39
Vellore,4,1,1,2140,2016,5.35,Y,N,79.95
Thoothukudi,1,1,1,524,2001,8.25,Y,Y,16.07
Thoothukudi,3,1,1,1532,2009,5.55,Y,Y,51.39
Tirunelveli,1,1,1,550,2016,6.22,Y,Y,17.36
Tirunelveli,1,1,1,661,2018,4.54,Y,Y,22.83
Salem,1,1,1,521,2010,2.31,N,Y,22.54
Tirunelveli,3,1,1,1501,2011,6.41,N,N,44.65
Tirunelveli,3,1,1,1360,2016,4.31,Y,N,45.6
Madurai,2,1,1,928,2014,6.1,Y,N,36.56
Vellore,4,1,1,2104,2008,4.19,N,Y,78.6
Coimbatore,2,1,1,811,2016,3.59,N,N,42.58
Trichy,4,1,1,2210,2015,4.46,Y,Y,100.3
Salem,3,1,1,1557,2011,4.6,Y,N,59.66
Thoothukudi,4,1,1,2072,2008,8.19,N,Y,61.68
Erode,2,1,1,801,2021,3.75,N,Y,32.92
Vellore,1,1,1,478,2010,4.16,Y,N,17.86
Madurai,4,1,1,2041,2014,4.05,Y,Y,90.62
Salem,1,1,1,479,2024,6.14,Y,Y,17.28
Erode,3,1,1,1201,2002,5.27,N,N,42.44
Trichy,3,1,1,1152,2015,5.63,Y,Y,52.28
Tirunelveli,3,1,1,1591,2011,5.35,Y,Y,54.94
Tirunelveli,5,1,1,2988,2011,7.69,N,N,88.89
Erode,5,1,1,2739,2006,2.99,N,Y,112.56
Erode,4,1,1,2121,2001,3.74,N,Y,87.17
Chennai,3,1,1,1511,2023,4.82,Y,Y,104.36
Chennai,3,1,1,1202,2002,4.39,Y,Y,83.02
Vellore,5,1,1,2957,2024,3.33,Y,Y,128.46
Thoothukudi,2,1,1,814,2012,6.72,N,N,23.52
Thoothukudi,2,1,1,735,2021,7.22,Y,Y,22.54
Tiruppur,5,1,1,3418,2011,4.88,Y,Y,124.78
Tirunelveli,3,1,1,1504,2024,6.21,Y,Y,47.47
Tirunelveli,2,1,1,788,2001,4.65,Y,Y,27.21
Trichy,2,1,1,1062,2006,5.76,Y,Y,48.2
Chennai,2,1,1,701,2021,5.18,Y,Y,48.41
Vellore,5,1,1,2647,2020,6.68,Y,Y,93.09
Trichy,5,1,1,2908,2009,5.81,Y,Y,131.98
Erode,4,1,1,2042,2012,2.49,N,N,81.48
Madurai,1,1,1,678,2007,4.2,Y,Y,30.1
Madurai,4,1,1,2045,2009,4.92,Y,N,88.15
Salem,3,1,1,1534,2000,3.23,Y,Y,68.35
Madurai,4,1,1,2213,2013,4.63,Y,N,95.39
Tirunelveli,5,1,1,2490,2021,6.77,Y,N,76.3
Salem,3,1,1,1412,2018,2.88,Y,Y,62.92
Coimbatore,3,1,1,1577,2008,3.34,Y,N,85.28
Thoothukudi,5,1,1,2985,2007,4.87,Y,N,97.22
Erode,3,1,1,1434,2004,2.28,Y,N,58.93
Erode,5,1,1,2322,2017,5.25,N,Y,84.52
Thoothukudi,4,1,1,1999,2013,7.17,N,Y,59.5
Coimbatore,5,1,1,2672,2004,4.11,N,Y,127.98
Madurai,3,1,1,1296,2017,4.96,Y,Y,57.54
Vellore,2,1,1,817,2015,5.53,N,Y,30.52
Erode,1,1,1,504,2016,3.15,N,N,20.11
Tiruppur,3,1,1,1353,2016,3.28,N,N,52.56
Tirunelveli,5,1,1,3088,2021,7.2,N,Y,94.62
Vellore,4,1,1,2267,2021,6.36,N,N,75.15
Vellore,5,1,1,3089,2017,5.41,Y,Y,118.86
Coimbatore,2,1,1,902,2020,4.79,Y,Y,44.5
Salem,5,1,1,2840,2006,6.07,N,Y,99.46
Chennai,3,1,1,1310,2003,3.52,Y,Y,102.15
Salem,3,1,1,1190,2001,2.45,Y,N,51.48
Tiruppur,4,1,1,2053,2008,4.12,Y,Y,74.95
Chennai,2,1,1,866,2002,5.03,Y,N,58.07
Tirunelveli,1,1,1,574,2013,5.5,Y,Y,19.82
Tiruppur,3,1,1,1125,2017,2.65,Y,Y,46.37
Madurai,2,1,1,1063,2018,5.0,N,N,44.49
Erode,2,1,1,795,2015,4.19,Y,Y,29.81
Salem,2,1,1,806,2006,4.39,Y,Y,31.81
Tiruppur,5,1,1,2458,2023,5.59,Y,Y,89.73
Madurai,5,1,1,2466,2016,4.07,Y,N,106.3
Salem,5,1,1,3132,2011,4.67,Y,N,120.01
Vellore,1,1,1,492,2011,5.17,Y,N,18.38
Salem,2,1,1,862,2016,5.49,Y,N,33.03
Chennai,4,1,1,2090,2023,6.09,Y,Y,131.93
Chennai,4,1,1,1678,2000,4.88,Y,N,112.51
Madurai,1,1,1,605,2017,5.35,Y,N,26.08
Trichy,4,1,1,1712,2009,5.99,Y,N,75.44
Chennai,3,1,1,1225,2002,4.94,Y,Y,84.6
Coimbatore,2,1,1,911,2013,3.44,Y,Y,50.74
Trichy,2,1,1,905,2002,5.62,N,Y,39.88
Chennai,4,1,1,1749,2008,4.31,Y,Y,120.79
Vellore,2,1,1,727,2021,3.67,Y,Y,31.58
Chennai,2,1,1,932,2023,3.76,Y,N,70.56
Tirunelveli,4,1,1,2163,2015,4.17,Y,Y,74.69
Coimbatore,1,1,1,491,2002,4.59,Y,Y,24.22
Thoothukudi,2,1,1,792,2007,5.96,N,Y,25.79
Trichy,2,1,1,708,2020,5.46,Y,Y,32.13
Thoothukudi,3,1,1,1595,2002,7.98,Y,Y,48.9
Chennai,4,1,1,2195,2009,3.25,N,N,161.33
Trichy,1,1,1,475,2008,2.71,Y,Y,24.34
Tiruppur,3,1,1,1421,2021,3.62,Y,Y,58.57
Chennai,3,1,1,1135,2024,5.11,Y,N,76.11
Tiruppur,5,1,1,2367,2024,3.56,Y,Y,97.56
Salem,4,1,1,1973,2023,3.19,N,Y,85.35
Trichy,1,1,1,561,2015,4.83,Y,Y,25.46
Vellore,1,1,1,401,2018,5.98,N,Y,14.98
Salem,2,1,1,930,2014,2.33,Y,Y,41.44
Vellore,1,1,1,538,2014,2.95,N,Y,22.69
Thoothukudi,2,1,1,982,2021,7.84,Y,Y,30.11
Thoothukudi,4,1,1,1694,2014,7.07,N,Y,50.43
Tiruppur,1,1,1,632,2012,4.72,Y,Y,23.07
Coimbatore,4,1,1,1842,2022,4.9,Y,N,88.22
Coimbatore,1,1,1,577,2023,3.25,N,Y,31.2
Erode,5,1,1,3422,2006,2.49,Y,Y,144.85
Trichy,4,1,1,1894,2020,4.0,Y,N,94.22
Salem,3,1,1,1122,2012,3.6,Y,Y,49.99
Tirunelveli,2,1,1,1078,2010,6.28,N,Y,33.03
Chennai,4,1,1,1991,2011,2.53,Y,Y,155.25
Chennai,4,1,1,2150,2020,3.78,Y,N,162.77
Madurai,4,1,1,1713,2018,5.65,Y,Y,76.05
Madurai,4,1,1,1666,2003,5.24,Y,N,71.81
Coimbatore,1,1,1,512,2013,5.15,Y,Y,25.26
Salem,5,1,1,2307,2017,2.47,Y,Y,102.79
Trichy,2,1,1,955,2022,3.62,Y,Y,48.94
Tiruppur,4,1,1,2076,2015,5.7,N,Y,73.58
Thoothukudi,4,1,1,1737,2022,6.04,Y,N,51.71
Coimbatore,5,1,1,2987,2013,4.39,N,Y,143.06
Erode,3,1,1,1322,2000,5.36,Y,Y,49.56
Thoothukudi,3,1,1,1299,2022,7.69,Y,N,38.67
Madurai,2,1,1,718,2011,6.46,N,Y,28.29
Trichy,3,1,1,1305,2007,5.42,Y,Y,59.23
Vellore,3,1,1,1474,2016,5.83,Y,Y,56.72
Chennai,4,1,1,1965,2003,4.2,Y,N,131.76
Tiruppur,4,1,1,2254,2015,3.06,Y,Y,92.9
Coimbatore,4,1,1,2108,2008,3.84,N,Y,113.99
Vellore,5,1,1,2788,2011,6.15,Y,Y,98.05
Tirunelveli,5,1,1,2928,2006,6.15,Y,Y,92.41
Thoothukudi,4,1,1,1727,2005,5.9,N,N,54.61
Thoothukudi,2,1,1,731,2022,6.02,Y,Y,22.41
Coimbatore,2,1,1,895,2015,2.25,Y,Y,49.85
Thoothukudi,5,1,1,2687,2006,5.98,Y,Y,90.14
Coimbatore,2,1,1,1091,2017,3.71,Y,Y,60.77
Erode,5,1,1,2571,2016,4.69,Y,Y,96.39
Trichy,2,1,1,868,2010,2.71,Y,Y,44.48
Thoothukudi,3,1,1,1497,2017,8.32,Y,Y,45.9
Coimbatore,2,1,1,985,2005,3.41,N,Y,53.26
Salem,3,1,1,1162,2014,3.12,N,N,48.8
Madurai,5,1,1,2752,2002,4.76,Y,Y,122.19
Chennai,2,1,1,990,2020,3.61,Y,N,74.95
Tirunelveli,1,1,1,561,2010,7.86,Y,Y,17.71
Vellore,5,1,1,2461,2014,3.9,Y,Y,106.92
Salem,2,1,1,854,2020,3.48,Y,Y,38.05
Coimbatore,1,1,1,569,2015,3.21,N,Y,30.77
Vellore,2,1,1,725,2019,3.79,Y,N,30.58
Erode,5,1,1,3064,2014,4.07,N,Y,111.53
Thoothukudi,3,1,1,1200,2006,6.81,Y,Y,36.79
Vellore,1,1,1,666,2017,3.96,Y,Y,28.93
Salem,2,1,1,1096,2018,4.77,Y,N,41.99
Chennai,1,1,1,408,2009,3.08,Y,N,30.89
Vellore,3,1,1,1418,2006,4.1,N,Y,52.97
Chennai,1,1,1,668,2002,4.52,N,Y,44.79
Thoothukudi,5,1,1,2532,2006,8.34,N,N,73.17
Thoothukudi,2,1,1,889,2014,8.38,Y,Y,27.26
Tiruppur,1,1,1,451,2002,3.6,Y,N,18.05
Salem,4,1,1,1978,2012,2.41,Y,N,85.57
Erode,3,1,1,1530,2021,2.15,Y,N,62.88
Tirunelveli,3,1,1,1245,2013,7.96,Y,Y,39.29
Coimbatore,2,1,1,874,2022,2.8,Y,N,47.26
Madurai,2,1,1,1039,2007,5.28,Y,N,44.79
Coimbatore,4,1,1,1852,2021,2.98,Y,Y,103.15
Chennai,5,1,1,2997,2008,4.39,Y,Y,206.99
Erode,1,1,1,527,2018,3.6,N,Y,21.66
Thoothukudi,3,1,1,1155,2012,5.26,Y,Y,38.75
Coimbatore,2,1,1,700,2005,2.46,Y,Y,38.99
Erode,1,1,1,596,2016,1.67,Y,Y,25.23
Coimbatore,5,1,1,2987,2008,2.29,Y,Y,166.37
Erode,3,1,1,1474,2000,2.06,Y,N,60.58
Coimbatore,3,1,1,1563,2013,4.59,N,Y,74.86
Vellore,5,1,1,2502,2021,4.19,Y,Y,96.27
Chennai,3,1,1,1190,2023,5.71,Y,Y,82.19
Thoothukudi,1,1,1,452,2020,5.63,Y,N,14.72
Salem,5,1,1,2531,2009,2.64,Y,Y,112.78
Tiruppur,3,1,1,1455,2022,3.89,Y,Y,59.97
Coimbatore,3,1,1,1537,2005,3.45,Y,N,83.11
Madurai,1,1,1,455,2014,4.21,Y,Y,20.2
Tiruppur,3,1,1,1459,2009,4.04,N,Y,51.71
Tiruppur,4,1,1,2012,2011,4.8,Y,Y,73.45
Madurai,4,1,1,1791,2019,3.5,Y,Y,89.78
Tirunelveli,5,1,1,2508,2013,5.25,Y,Y,86.61
Coimbatore,3,1,1,1197,2004,4.68,Y,Y,59.05
Coimbatore,1,1,1,497,2001,3.87,N,Y,26.88
Tirunelveli,4,1,1,2146,2024,4.68,N,Y,71.95
Tiruppur,3,1,1,1578,2022,6.19,Y,Y,52.65
Salem,4,1,1,1778,2012,4.11,Y,Y,70.17
Madurai,1,1,1,471,2010,3.99,N,N,22.25
Salem,2,1,1,823,2017,3.9,N,N,34.57
Vellore,4,1,1,1630,2009,5.79,Y,N,60.89
Thoothukudi,5,1,1,3310,2020,7.32,N,N,95.66
Vellore,3,1,1,1126,2017,5.5,N,Y,42.07
Madurai,1,1,1,420,2014,5.6,Y,Y,18.65
Chennai,1,1,1,523,2006,5.3,N,Y,35.07
Coimbatore,1,1,1,652,2004,2.93,Y,N,35.26
Tirunelveli,3,1,1,1193,2013,5.39,N,Y,40.0
Tiruppur,5,1,1,2724,2018,3.01,N,Y,109.0
Trichy,5,1,1,3428,2010,4.8,Y,Y,155.58
Tiruppur,2,1,1,961,2018,3.06,Y,Y,39.61
Madurai,4,1,1,2162,2020,4.71,Y,N,93.19
Chennai,3,1,1,1192,2020,6.01,Y,N,73.05
Trichy,1,1,1,666,2019,4.41,Y,Y,30.23
Coimbatore,4,1,1,2298,2018,4.17,Y,Y,113.36
Tirunelveli,2,1,1,859,2022,5.87,Y,Y,29.66
Vellore,1,1,1,653,2015,4.2,Y,Y,25.13
Salem,5,1,1,2878,2021,4.51,Y,N,110.27
Trichy,3,1,1,1333,2012,4.02,Y,Y,60.5
Coimbatore,2,1,1,979,2000,5.05,N,Y,46.89
Thoothukudi,3,1,1,1382,2008,7.46,Y,Y,42.37
Tirunelveli,5,1,1,2981,2010,4.4,N,N,97.03
Chennai,3,1,1,1413,2002,3.9,Y,Y,110.18
Tirunelveli,1,1,1,450,2000,6.39,Y,Y,14.2
Trichy,4,1,1,1834,2012,5.03,Y,Y,83.24
Tirunelveli,1,1,1,528,2002,5.96,Y,N,17.7
Madurai,2,1,1,821,2008,3.54,N,Y,39.96
Tiruppur,4,1,1,1640,2022,3.09,N,Y,65.63
Trichy,5,1,1,2529,2004,4.06,Y,N,111.44
Tiruppur,5,1,1,3467,2024,3.22,N,Y,138.73
Vellore,3,1,1,1549,2004,6.52,Y,N,52.89
Vellore,3,1,1,1585,2018,4.39,N,Y,59.21
Trichy,1,1,1,444,2009,4.43,N,Y,19.56
Coimbatore,1,1,1,673,2016,3.41,N,Y,36.39
Erode,3,1,1,1500,2018,5.05,Y,Y,56.24
Trichy,5,1,1,2495,2016,5.2,Y,Y,113.24
Tiruppur,3,1,1,1466,2002,5.01,N,Y,51.96
Tiruppur,2,1,1,855,2002,5.13,Y,Y,31.21
Chennai,2,1,1,965,2008,6.39,Y,Y,60.91
Vellore,5,1,1,3212,2020,5.87,Y,N,119.99
Salem,5,1,1,3475,2015,5.65,N,Y,133.15
Madurai,1,1,1,543,2006,5.58,Y,Y,24.11
Trichy,3,1,1,1256,2004,2.42,Y,Y,64.36
Chennai,1,1,1,550,2012,2.51,Y,Y,42.89
Trichy,1,1,1,520,2010,3.47,N,Y,25.87
Salem,2,1,1,724,2023,4.09,N,Y,27.74
Madurai,2,1,1,1005,2011,4.69,N,Y,43.32
Madurai,1,1,1,650,2012,6.18,Y,Y,26.38
Thoothukudi,5,1,1,3492,2017,6.49,Y,N,103.95
Vellore,4,1,1,2033,2015,5.64,N,N,73.74
Trichy,5,1,1,3283,2014,4.63,Y,Y,149.0
Tiruppur,1,1,1,672,2018,3.19,Y,Y,27.7
Madurai,1,1,1,542,2016,4.91,Y,Y,24.06
Thoothukudi,3,1,1,1263,2010,7.46,Y,Y,38.72
Coimbatore,4,1,1,1828,2008,2.25,Y,Y,101.81
Vellore,5,1,1,3124,2024,3.95,Y,Y,135.72
Coimbatore,3,1,1,1548,2015,5.02,Y,Y,76.37
Thoothukudi,1,1,1,676,2020,5.8,Y,N,22.02
Chennai,3,1,1,1561,2008,5.81,Y,N,104.67
Thoothukudi,2,1,1,929,2002,7.2,Y,Y,28.48
Erode,2,1,1,964,2010,4.89,N,Y,35.09
Chennai,4,1,1,2250,2002,5.57,Y,Y,155.4
Salem,2,1,1,728,2021,5.78,Y,Y,28.73
Tirunelveli,2,1,1,1044,2010,5.07,N,N,33.98
Vellore,5,1,1,3146,2014,4.57,N,N,114.11
Tiruppur,5,1,1,2637,2020,5.16,Y,N,93.46
Coimbatore,1,1,1,419,2014,4.92,Y,Y,20.67
Salem,1,1,1,558,2015,5.24,Y,Y,22.02
Madurai,3,1,1,1306,2003,5.75,Y,Y,57.98
Chennai,3,1,1,1148,2000,6.31,N,Y,70.36
Erode,4,1,1,1683,2016,3.17,N,Y,69.17
Erode,2,1,1,1094,2009,2.7,N,Y,44.96
Salem,5,1,1,3423,2013,4.08,Y,Y,135.09
Coimbatore,5,1,1,3248,2014,4.91,Y,Y,160.23
Vellore,1,1,1,546,2021,3.88,N,Y,23.03
Trichy,2,1,1,857,2012,4.64,N,Y,37.76
Thoothukudi,4,1,1,2273,2008,6.9,N,Y,67.66
Trichy,1,1,1,533,2007,4.05,Y,Y,24.19
Thoothukudi,5,1,1,3324,2018,6.79,Y,N,98.95
Madurai,3,1,1,1339,2000,4.13,Y,Y,59.45
Trichy,1,1,1,447,2016,3.7,N,Y,22.24
Trichy,1,1,1,535,2011,4.76,N,Y,23.57
Coimbatore,2,1,1,937,2011,4.18,N,Y,44.88
Chennai,2,1,1,838,2007,6.11,Y,Y,52.9
Madurai,3,1,1,1554,2012,6.22,Y,Y,63.06
Tirunelveli,2,1,1,894,2004,5.26,N,Y,29.97
Trichy,1,1,1,437,2010,3.03,Y,Y,22.39
Chennai,2,1,1,714,2012,2.55,Y,N,54.05
Thoothukudi,2,1,1,727,2001,5.94,Y,Y,24.39
Salem,3,1,1,1183,2020,5.66,N,Y,45.33
Trichy,3,1,1,1517,2006,4.24,Y,Y,68.85
Erode,1,1,1,463,2013,1.93,Y,Y,19.6
Thoothukudi,5,1,1,2937,2008,7.44,Y,N,87.43
Tiruppur,3,1,1,1535,2010,3.56,Y,N,61.42
Tirunelveli,5,1,1,2615,2012,6.12,Y,Y,82.53
Chennai,5,1,1,2518,2008,5.91,Y,N,168.84
Salem,1,1,1,493,2006,2.73,Y,Y,21.97
Trichy,3,1,1,1361,2001,4.77,N,N,58.22
Tirunelveli,2,1,1,960,2016,4.12,Y,N,32.19
Tirunelveli,1,1,1,654,2022,6.66,Y,Y,20.64
Vellore,2,1,1,884,2008,5.85,N,N,32.06
Tirunelveli,2,1,1,843,2022,6.8,Y,Y,26.61
Salem,3,1,1,1389,2012,3.26,Y,Y,61.89
Erode,3,1,1,1513,2001,1.7,Y,Y,64.05
Tiruppur,2,1,1,899,2009,4.49,Y,N,31.86
Vellore,3,1,1,1512,2011,5.91,Y,Y,58.18
Tiruppur,3,1,1,1562,2020,5.76,Y,Y,57.02
Thoothukudi,1,1,1,471,2003,4.59,N,Y,15.34
Madurai,3,1,1,1229,2011,5.92,Y,Y,54.57
Erode,1,1,1,693,2019,4.92,N,Y,25.23
Salem,4,1,1,1631,2014,4.45,Y,Y,64.37
Coimbatore,4,1,1,1903,2006,2.3,Y,Y,105.99
Madurai,3,1,1,1130,2020,6.3,Y,N,44.52
Thoothukudi,3,1,1,1226,2021,7.04,Y,Y,37.59
Salem,2,1,1,935,2017,4.49,Y,N,35.83
Erode,1,1,1,655,2018,5.14,Y,N,23.84
Tirunelveli,3,1,1,1409,2022,6.99,Y,Y,44.47
Vellore,5,1,1,2537,2005,4.49,Y,Y,97.62
Salem,2,1,1,924,2023,2.63,Y,N,39.97
Salem,1,1,1,482,2006,4.6,Y,N,18.47
Madurai,4,1,1,1996,2003,4.85,N,Y,86.04
Chennai,3,1,1,1600,2001,3.61,N,Y,121.13
Tirunelveli,1,1,1,441,2005,6.21,Y,Y,13.92
Coimbatore,1,1,1,579,2000,5.55,Y,N,27.73
Tiruppur,5,1,1,2631,2001,4.21,Y,Y,96.05
Tirunelveli,5,1,1,3030,2005,7.17,N,N,90.14
Madurai,4,1,1,2030,2015,4.93,Y,Y,90.13
Trichy,3,1,1,1457,2008,2.87,N,N,70.37
Vellore,2,1,1,1074,2004,5.56,Y,Y,41.33
Erode,5,1,1,2683,2002,4.8,Y,Y,100.59
Madurai,4,1,1,1601,2015,4.76,Y,Y,71.08
Salem,5,1,1,3089,2018,4.87,Y,N,118.36
Tirunelveli,2,1,1,954,2002,5.44,Y,Y,32.94
Chennai,3,1,1,1192,2000,4.74,Y,Y,82.32
Vellore,2,1,1,715,2021,5.94,N,Y,26.71
Thoothukudi,2,1,1,819,2014,6.3,N,Y,24.38
Madurai,5,1,1,3275,2006,6.56,Y,Y,132.9
Salem,5,1,1,2996,2001,5.77,N,Y,114.79
Vellore,3,1,1,1410,2020,6.02,Y,Y,49.59
Erode,5,1,1,2337,2000,3.93,Y,Y,98.92
Tiruppur,4,1,1,1687,2005,6.08,Y,Y,56.29
Salem,3,1,1,1192,2007,4.58,Y,Y,47.04
Erode,1,1,1,467,2007,2.34,N,N,18.63
Thoothukudi,5,1,1,3251,2011,4.96,Y,N,105.88
Chennai,2,1,1,785,2006,2.56,N,Y,59.43
Chennai,4,1,1,1603,2019,3.63,Y,Y,125.0
Madurai,3,1,1,1162,2007,6.73,Y,Y,47.15
Tiruppur,4,1,1,2105,2020,3.7,Y,Y,86.76
Tirunelveli,5,1,1,2992,2000,6.35,Y,Y,94.43
Tirunelveli,1,1,1,551,2019,7.32,Y,N,16.88
Erode,4,1,1,2236,2009,4.21,Y,Y,83.83
Erode,3,1,1,1153,2017,5.15,Y,Y,43.23
Chennai,3,1,1,1506,2007,5.11,Y,Y,104.01
Chennai,3,1,1,1564,2012,3.08,Y,Y,121.95
Trichy,3,1,1,1409,2006,5.43,N,Y,62.09
Erode,4,1,1,1862,2001,3.27,N,Y,76.52
Erode,5,1,1,3346,2023,4.84,N,N,118.25
Tirunelveli,5,1,1,2944,2014,5.08,Y,N,98.7
Chennai,4,1,1,2261,2013,4.33,Y,Y,156.16
Coimbatore,5,1,1,3216,2019,2.74,Y,Y,179.12
Tirunelveli,2,1,1,932,2015,4.21,N,Y,31.25
Trichy,1,1,1,620,2023,3.06,Y,Y,31.77
Madurai,3,1,1,1226,2014,5.19,Y,Y,54.43
Chennai,4,1,1,2243,2018,3.3,Y,N,169.81
Vellore,3,1,1,1301,2018,3.41,Y,Y,56.52
Thoothukudi,2,1,1,1087,2001,7.83,N,N,31.41
Trichy,2,1,1,940,2006,5.86,N,Y,41.42
Tirunelveli,4,1,1,2095,2005,7.96,Y,Y,66.12
Chennai,5,1,1,2999,2014,5.14,N,Y,201.09
Thoothukudi,1,1,1,588,2007,5.07,Y,Y,19.72
Erode,4,1,1,1620,2000,3.82,N,N,64.64
Tirunelveli,4,1,1,2150,2006,5.63,Y,Y,74.24
Trichy,1,1,1,503,2008,2.29,N,Y,25.02
Erode,3,1,1,1434,2006,2.0,Y,Y,60.7
Tiruppur,3,1,1,1415,2021,4.71,N,N,48.69
Vellore,1,1,1,655,2001,4.4,Y,Y,25.2
Erode,1,1,1,542,2007,2.49,Y,N,22.27
Salem,5,1,1,2462,2023,5.67,Y,Y,97.16
Salem,2,1,1,898,2017,3.95,Y,Y,40.01
Erode,2,1,1,957,2022,3.33,Y,Y,40.51
Tirunelveli,4,1,1,2101,2009,7.33,Y,Y,66.31
Tirunelveli,5,1,1,3195,2013,4.49,Y,N,107.12
Vellore,3,1,1,1134,2008,3.38,Y,N,47.83
Coimbatore,3,1,1,1155,2023,4.74,Y,Y,56.98
Erode,2,1,1,1062,2008,4.24,Y,Y,39.82
Madurai,2,1,1,1065,2007,5.3,Y,N,45.91
Madurai,1,1,1,560,2018,6.14,Y,Y,22.72
Coimbatore,2,1,1,770,2021,4.58,Y,Y,37.99
Tiruppur,3,1,1,1572,2024,3.7,Y,N,62.9
Coimbatore,3,1,1,1524,2021,2.86,Y,Y,84.88
Erode,4,1,1,1607,2009,2.76,Y,N,66.04
Thoothukudi,1,1,1,450,2012,7.24,Y,Y,13.8
Erode,4,1,1,2283,2014,4.51,Y,Y,85.59
Vellore,4,1,1,1994,2012,6.15,Y,Y,70.13
Tiruppur,3,1,1,1164,2000,4.3,Y,Y,42.49
Madurai,5,1,1,3192,2009,4.32,Y,Y,141.72
Vellore,3,1,1,1131,2009,4.99,Y,Y,43.52
Madurai,5,1,1,3443,2016,4.95,Y,Y,152.86
Salem,2,1,1,785,2000,3.92,Y,Y,34.98
Chennai,4,1,1,2221,2005,4.88,Y,N,148.92
Trichy,5,1,1,3184,2021,3.1,Y,N,158.4
Madurai,3,1,1,1312,2013,3.81,Y,Y,65.77
Coimbatore,3,1,1,1226,2001,2.58,Y,Y,68.28
Thoothukudi,2,1,1,823,2000,8.09,Y,Y,25.23
Tiruppur,3,1,1,1442,2000,3.9,Y,Y,59.43
Tirunelveli,5,1,1,3320,2010,5.49,Y,Y,114.65
Thoothukudi,4,1,1,1706,2010,4.8,Y,Y,57.23
Salem,3,1,1,1332,2022,6.01,Y,Y,48.05
Vellore,5,1,1,3418,2006,5.3,Y,N,127.69
Trichy,3,1,1,1278,2012,5.82,N,Y,56.31
Trichy,2,1,1,977,2022,5.22,Y,N,43.05
Tiruppur,4,1,1,2280,2008,2.57,Y,N,91.24
Tirunelveli,4,1,1,1647,2022,4.49,Y,Y,56.87
Coimbatore,4,1,1,1732,2008,5.24,N,Y,82.95
Vellore,4,1,1,1772,2018,3.48,N,Y,74.74
Tiruppur,3,1,1,1170,2013,4.4,Y,Y,42.71
Thoothukudi,4,1,1,1795,2013,6.43,Y,Y,55.03
Chennai,1,1,1,402,2004,5.12,N,N,26.17
Coimbatore,5,1,1,2419,2021,4.95,Y,N,115.86
Madurai,1,1,1,496,2017,6.82,Y,Y,20.13
Madurai,1,1,1,587,2020,3.3,Y,Y,29.42
Tirunelveli,4,1,1,1775,2009,7.26,Y,Y,56.02
Madurai,2,1,1,718,2003,4.56,Y,Y,31.88
Trichy,5,1,1,2734,2021,3.41,Y,Y,140.09
Madurai,4,1,1,1731,2010,3.96,Y,N,84.24
Chennai,2,1,1,727,2020,4.48,Y,N,48.75
Tiruppur,3,1,1,1133,2021,3.39,Y,Y,46.7
Salem,5,1,1,2909,2006,5.21,Y,Y,114.81
Tirunelveli,1,1,1,508,2023,7.47,N,Y,15.57
Thoothukudi,5,1,1,3253,2000,5.06,Y,Y,109.12
Trichy,1,1,1,412,2019,2.05,Y,Y,21.11
Madurai,2,1,1,1046,2010,5.81,Y,N,45.09
Vellore,4,1,1,2244,2020,3.58,Y,Y,97.49
Vellore,4,1,1,1666,2014,3.21,Y,N,70.27
Tirunelveli,3,1,1,1258,2017,7.71,Y,N,38.55
Madurai,4,1,1,2016,2013,3.42,N,Y,98.11
Trichy,5,1,1,2561,2019,3.07,Y,Y,131.23
Madurai,1,1,1,577,2001,6.73,Y,N,22.73
Trichy,2,1,1,991,2001,3.75,Y,N,49.3
Tiruppur,5,1,1,2976,2016,3.02,Y,Y,122.66
Trichy,2,1,1,1060,2018,2.28,Y,N,52.73
Chennai,2,1,1,930,2003,5.25,Y,N,62.36
Tirunelveli,5,1,1,2796,2018,6.79,Y,Y,88.25
Coimbatore,3,1,1,1510,2005,2.14,Y,Y,84.1
Madurai,2,1,1,717,2022,4.57,Y,Y,31.83
Thoothukudi,1,1,1,423,2000,7.37,N,Y,12.59
Salem,2,1,1,900,2008,3.36,Y,Y,40.1
Thoothukudi,4,1,1,2202,2002,5.51,Y,N,71.72
Chennai,1,1,1,637,2020,3.1,N,N,46.82
Erode,5,1,1,2789,2010,2.13,Y,N,114.62
Tiruppur,4,1,1,2158,2010,4.97,Y,Y,78.78
Trichy,2,1,1,976,2024,3.49,Y,Y,50.01
Chennai,1,1,1,616,2006,5.04,Y,Y,42.54
Erode,4,1,1,2056,2010,2.63,Y,Y,87.03
Vellore,2,1,1,983,2021,3.94,Y,Y,42.71
Salem,3,1,1,1511,2013,4.75,Y,N,57.9
Erode,3,1,1,1432,2024,4.18,N,Y,52.13
Coimbatore,3,1,1,1251,2023,3.44,Y,Y,69.68
Tirunelveli,4,1,1,1808,2010,7.89,N,N,53.79
Tiruppur,3,1,1,1155,2023,5.67,Y,Y,42.16
Erode,3,1,1,1460,2018,2.94,Y,Y,61.8
Erode,1,1,1,421,2020,5.19,N,Y,15.32
Trichy,4,1,1,1922,2004,2.73,N,N,92.83
Tiruppur,3,1,1,1426,2004,2.65,Y,Y,58.77
Madurai,3,1,1,1147,2023,4.06,Y,N,49.44
Tirunelveli,2,1,1,932,2020,4.52,Y,Y,32.18
Salem,1,1,1,545,2004,5.94,Y,Y,21.51
Thoothukudi,4,1,1,1647,2017,4.81,N,Y,53.64
Thoothukudi,5,1,1,2592,2003,4.56,N,Y,84.42
Madurai,3,1,1,1556,2021,3.76,Y,Y,78.0
Tirunelveli,1,1,1,444,2022,7.96,Y,N,13.61
Thoothukudi,4,1,1,1736,2017,5.54,Y,Y,58.24
Thoothukudi,3,1,1,1201,2019,4.72,Y,Y,40.29
Trichy,3,1,1,1484,2015,3.61,Y,Y,76.04
Vellore,5,1,1,2619,2009,3.91,Y,Y,113.78
Thoothukudi,3,1,1,1452,2017,5.39,N,N,45.91
Thoothukudi,3,1,1,1207,2016,6.13,Y,Y,37.01
Tirunelveli,1,1,1,671,2010,5.34,Y,N,22.5
Erode,2,1,1,992,2015,4.67,Y,Y,37.19
Madurai,2,1,1,1098,2004,4.31,Y,Y,48.75
Trichy,3,1,1,1467,2013,5.69,N,Y,64.64
Madurai,4,1,1,1656,2023,5.73,Y,Y,73.52
Trichy,3,1,1,1426,2008,5.5,N,Y,62.83
Coimbatore,1,1,1,580,2003,5.55,Y,N,27.78
Erode,1,1,1,679,2001,5.42,N,Y,24.72
Tiruppur,5,1,1,3090,2024,5.26,Y,Y,112.8
Vellore,5,1,1,2646,2008,6.59,Y,N,90.35
Chennai,2,1,1,1048,2024,5.1,N,Y,70.27
Tiruppur,4,1,1,2236,2022,3.6,N,Y,89.47
Salem,3,1,1,1124,2017,6.1,Y,Y,40.54
Coimbatore,5,1,1,2807,2017,1.91,Y,N,151.79
Salem,4,1,1,2030,2018,2.47,Y,N,87.82
Trichy,4,1,1,2105,2019,5.88,Y,N,92.75
Tiruppur,1,1,1,446,2024,4.99,Y,N,15.81
Chennai,1,1,1,597,2006,2.88,N,Y,45.2
Chennai,2,1,1,823,2018,2.9,Y,Y,64.17
Trichy,2,1,1,902,2020,5.04,Y,Y,40.94
Chennai,5,1,1,3433,2005,2.82,Y,Y,267.69
Coimbatore,5,1,1,3173,2015,2.55,N,Y,171.58
Tirunelveli,5,1,1,2337,2007,4.39,N,Y,78.35
Tirunelveli,4,1,1,2189,2022,6.76,Y,Y,69.09
Coimbatore,5,1,1,2462,2014,3.3,Y,N,133.13
Trichy,2,1,1,850,2009,4.12,Y,Y,38.58
Tiruppur,4,1,1,1716,2011,5.95,Y,N,60.82
Salem,4,1,1,2233,2003,2.65,N,Y,96.6
Tiruppur,4,1,1,1611,2004,4.23,Y,Y,58.81
Chennai,3,1,1,1127,2001,4.99,Y,N,75.57
Tiruppur,1,1,1,679,2023,3.11,Y,Y,27.99
Coimbatore,2,1,1,804,2005,2.25,Y,Y,44.78
Tirunelveli,5,1,1,2739,2005,5.06,Y,Y,94.58
Tirunelveli,2,1,1,1064,2014,5.54,Y,Y,36.74
Chennai,2,1,1,745,2007,2.95,Y,Y,58.09
Salem,2,1,1,970,2023,3.06,N,Y,41.96
Chennai,1,1,1,442,2012,4.28,Y,N,29.64
Vellore,5,1,1,3142,2023,3.24,Y,Y,136.5
Coimbatore,3,1,1,1196,2016,3.39,Y,Y,66.61
Vellore,2,1,1,1099,2000,3.38,Y,Y,47.74
Coimbatore,4,1,1,1946,2006,4.36,Y,N,93.2
Chennai,3,1,1,1505,2006,2.81,Y,N,113.94
Chennai,3,1,1,1114,2014,3.79,Y,Y,86.87
Tiruppur,3,1,1,1183,2017,3.46,N,Y,47.34
Trichy,4,1,1,2116,2008,3.74,Y,Y,108.43
Chennai,5,1,1,2765,2000,5.1,Y,Y,190.96
Chennai,3,1,1,1578,2016,3.43,Y,N,119.46
Coimbatore,4,1,1,1767,2014,2.47,Y,N,95.55
Trichy,2,1,1,980,2005,4.26,Y,Y,44.48
Trichy,2,1,1,705,2011,2.43,N,Y,35.07
Trichy,3,1,1,1114,2013,5.58,N,Y,49.09
Coimbatore,5,1,1,2380,2011,1.92,Y,Y,132.56
Coimbatore,1,1,1,640,2020,4.65,Y,N,30.65
Coimbatore,1,1,1,635,2001,4.47,Y,Y,31.33
Vellore,5,1,1,3192,2016,4.92,N,Y,119.25
Coimbatore,2,1,1,830,2001,3.59,Y,Y,46.23
Salem,5,1,1,2464,2007,4.37,Y,Y,97.24
Chennai,1,1,1,451,2024,6.3,Y,N,27.64
Erode,4,1,1,2011,2014,3.26,N,Y,82.65
Tirunelveli,2,1,1,837,2018,5.6,Y,Y,28.9
Thoothukudi,2,1,1,748,2014,6.19,Y,N,22.27
Vellore,4,1,1,1641,2004,6.24,Y,Y,57.71
Salem,3,1,1,1590,2007,3.42,Y,Y,70.85
Vellore,2,1,1,865,2006,5.61,Y,N,32.31
Thoothukudi,2,1,1,972,2008,6.6,Y,N,28.93
Tirunelveli,5,1,1,3321,2005,7.91,N,Y,101.76
Trichy,2,1,1,1021,2023,3.36,Y,Y,52.32
Chennai,2,1,1,1058,2008,2.62,N,Y,80.1
Tiruppur,4,1,1,2281,2013,3.08,Y,Y,94.01
Erode,3,1,1,1373,2009,2.57,Y,Y,58.12
Tiruppur,2,1,1,863,2023,5.34,N,Y,30.59
Trichy,5,1,1,2458,2017,4.93,Y,Y,111.56
Madurai,2,1,1,942,2007,4.33,N,Y,40.61
Trichy,3,1,1,1558,2000,5.76,Y,Y,70.71
Coimbatore,4,1,1,2034,2006,2.78,N,Y,109.99
Madurai,1,1,1,591,2012,5.76,Y,Y,26.24
Tirunelveli,2,1,1,912,2006,5.6,N,Y,30.58
Erode,2,1,1,811,2006,2.96,Y,Y,34.33
Tirunelveli,3,1,1,1509,2022,4.47,N,Y,50.59
Salem,2,1,1,838,2009,5.94,Y,Y,33.07
Tirunelveli,3,1,1,1555,2018,5.06,N,Y,52.13
Salem,2,1,1,1091,2002,4.73,Y,Y,43.06
Salem,4,1,1,1843,2016,2.64,Y,Y,82.12
Coimbatore,1,1,1,608,2008,4.81,Y,Y,29.99
Salem,4,1,1,1895,2005,4.55,N,N,70.49
Madurai,3,1,1,1325,2023,3.82,Y,N,64.48
Thoothukudi,5,1,1,3315,2011,7.56,Y,Y,101.64
Trichy,1,1,1,431,2014,3.26,Y,Y,22.09
Coimbatore,5,1,1,2751,2008,3.72,Y,N,148.76
Trichy,1,1,1,573,2014,5.25,Y,Y,26.01
Trichy,1,1,1,413,2023,4.01,Y,Y,18.74
Salem,2,1,1,1080,2015,4.34,Y,N,41.38
Madurai,3,1,1,1205,2023,3.19,N,Y,58.64
Salem,4,1,1,1613,2013,3.88,Y,Y,71.87
Chennai,4,1,1,2209,2020,4.15,Y,N,148.12
Thoothukudi,1,1,1,475,2002,6.58,Y,N,14.14
Chennai,4,1,1,1946,2000,4.2,N,Y,130.49
Coimbatore,3,1,1,1397,2000,2.21,N,Y,75.54
Madurai,2,1,1,741,2013,3.18,N,N,35.01
Madurai,4,1,1,1769,2017,6.71,Y,Y,71.79
Tiruppur,2,1,1,1027,2004,2.75,Y,Y,42.33
Coimbatore,3,1,1,1482,2022,4.27,Y,Y,73.11
Vellore,5,1,1,3109,2024,4.22,Y,Y,119.63
Vellore,5,1,1,2835,2005,2.83,Y,Y,123.16
Coimbatore,3,1,1,1529,2008,2.35,Y,Y,85.16
Trichy,4,1,1,1773,2007,4.82,Y,Y,80.47
Tirunelveli,5,1,1,3054,2005,6.08,N,Y,93.58
Thoothukudi,5,1,1,2859,2014,8.4,Y,Y,87.66
Trichy,4,1,1,2223,2016,2.68,Y,Y,113.91
Vellore,4,1,1,2188,2015,5.34,Y,Y,84.19
Trichy,4,1,1,2054,2013,2.06,Y,Y,105.25
Chennai,3,1,1,1400,2006,4.92,Y,Y,96.69
Tirunelveli,1,1,1,543,2007,6.28,N,Y,16.64
Erode,1,1,1,468,2016,2.92,Y,Y,19.81
Erode,4,1,1,1615,2019,3.18,Y,Y,68.36
Erode,1,1,1,648,2010,4.88,N,Y,23.59
Coimbatore,5,1,1,2895,2004,3.36,Y,Y,161.24
Salem,1,1,1,669,2000,5.71,Y,Y,26.4
Thoothukudi,3,1,1,1131,2016,5.9,N,Y,36.84
Tirunelveli,4,1,1,1982,2007,5.35,N,Y,66.45
Vellore,4,1,1,2204,2010,2.85,Y,N,92.96
Tirunelveli,3,1,1,1334,2007,5.94,N,Y,44.72
Tirunelveli,2,1,1,869,2002,4.68,N,N,28.29
Tiruppur,3,1,1,1314,2014,5.47,N,Y,46.57
Vellore,3,1,1,1495,2005,6.11,N,Y,51.05
Madurai,5,1,1,2860,2018,5.74,N,Y,123.28
Madurai,2,1,1,1019,2012,4.99,Y,Y,45.24
Thoothukudi,5,1,1,2408,2004,4.74,Y,Y,80.78
Salem,1,1,1,624,2000,2.44,Y,Y,27.8
Thoothukudi,1,1,1,465,2009,5.07,Y,Y,15.6
Tirunelveli,2,1,1,1055,2017,5.36,Y,Y,36.43
Thoothukudi,4,1,1,1984,2022,5.49,Y,Y,66.55
Coimbatore,3,1,1,1166,2023,3.54,Y,Y,64.94
Tiruppur,3,1,1,1172,2000,3.89,Y,Y,48.31
Erode,1,1,1,435,2016,3.9,Y,Y,18.41
Madurai,5,1,1,2667,2020,4.53,Y,Y,118.41
Trichy,2,1,1,1054,2016,2.16,Y,N,52.44
Coimbatore,4,1,1,1687,2012,1.99,Y,N,91.22
Trichy,1,1,1,658,2011,3.17,Y,Y,33.72
Trichy,4,1,1,2268,2013,2.22,Y,Y,116.22
Thoothukudi,2,1,1,744,2007,6.38,Y,Y,22.81
Madurai,1,1,1,416,2018,3.96,Y,N,20.25
Erode,4,1,1,2068,2014,3.32,N,Y,84.99
Vellore,4,1,1,1918,2011,4.09,Y,N,71.65
Trichy,3,1,1,1560,2016,2.44,Y,N,77.61
Salem,2,1,1,883,2024,5.16,Y,N,33.83
Madurai,4,1,1,2239,2006,5.3,Y,Y,99.41
Chennai,5,1,1,2577,2006,5.26,Y,N,172.8
Coimbatore,2,1,1,886,2021,4.78,Y,N,42.43
Tiruppur,3,1,1,1272,2023,5.44,Y,Y,46.44
Salem,1,1,1,621,2004,5.4,Y,Y,24.51
Salem,1,1,1,563,2020,6.2,Y,Y,20.31
Tiruppur,4,1,1,2047,2005,2.73,N,N,79.53
Salem,5,1,1,2801,2023,6.15,Y,Y,101.03
Thoothukudi,4,1,1,1855,2001,5.2,Y,Y,62.23
Tirunelveli,4,1,1,1772,2011,4.67,Y,Y,61.19
Tirunelveli,5,1,1,2722,2014,5.85,Y,Y,94.0
Madurai,5,1,1,2841,2016,6.95,Y,N,111.93
Thoothukudi,5,1,1,2914,2019,5.93,Y,Y,97.75
Tirunelveli,5,1,1,3492,2002,7.0,Y,Y,110.21
Erode,3,1,1,1252,2013,2.51,Y,Y,53.0
Thoothukudi,1,1,1,415,2008,4.79,Y,Y,13.92
Madurai,5,1,1,3069,2015,5.15,Y,Y,136.26
Chennai,1,1,1,657,2018,4.38,Y,Y,45.38
Chennai,1,1,1,554,2012,4.31,Y,N,37.15
Trichy,4,1,1,2101,2004,5.04,N,N,89.88
Madurai,5,1,1,2357,2001,6.19,Y,Y,95.65
Vellore,1,1,1,653,2007,3.78,N,Y,27.54
Trichy,1,1,1,611,2003,2.89,Y,N,30.4
Thoothukudi,5,1,1,2561,2021,7.48,Y,Y,78.52
Vellore,3,1,1,1531,2005,4.65,Y,Y,58.91
Tiruppur,2,1,1,764,2024,4.55,Y,Y,27.89
Tiruppur,3,1,1,1571,2002,6.14,Y,Y,52.42
Erode,5,1,1,3340,2002,2.89,Y,Y,141.38
Tirunelveli,3,1,1,1527,2013,6.71,Y,Y,48.19
Tiruppur,5,1,1,2917,2001,4.56,Y,N,103.39
Erode,3,1,1,1308,2020,1.56,Y,Y,55.37
Coimbatore,4,1,1,1719,2002,2.68,Y,Y,95.74
Trichy,2,1,1,767,2008,5.63,N,Y,33.8
Tirunelveli,4,1,1,2221,2012,4.27,Y,N,74.46
Erode,5,1,1,3223,2023,5.07,Y,N,117.32
Erode,5,1,1,3295,2017,2.72,Y,N,135.41
Tiruppur,5,1,1,3136,2023,3.09,Y,N,125.49
Chennai,3,1,1,1182,2015,5.01,Y,Y,81.63
Thoothukudi,2,1,1,792,2024,5.89,Y,Y,26.57
Salem,2,1,1,820,2000,5.97,Y,Y,32.36
Thoothukudi,1,1,1,456,2015,6.06,N,N,13.18
Coimbatore,5,1,1,3328,2013,2.77,N,Y,179.96
Tiruppur,3,1,1,1441,2011,3.2,Y,Y,59.39
Madurai,2,1,1,798,2000,4.65,Y,Y,35.43
Tirunelveli,4,1,1,2065,2011,5.57,Y,Y,71.31
Thoothukudi,5,1,1,2933,2002,4.51,Y,Y,98.39
Chennai,2,1,1,1081,2005,4.38,Y,N,72.48
Salem,5,1,1,2656,2022,3.98,N,N,111.55
Trichy,3,1,1,1165,2021,4.9,N,N,49.84
Coimbatore,1,1,1,685,2016,4.56,Y,N,32.81
Tiruppur,1,1,1,619,2021,5.11,Y,Y,22.6
Erode,2,1,1,1038,2002,3.75,Y,Y,43.94
Coimbatore,1,1,1,448,2020,5.52,Y,Y,22.1
Vellore,5,1,1,2361,2006,5.25,Y,Y,90.85
Erode,5,1,1,2922,2015,2.2,Y,Y,123.69
Erode,3,1,1,1397,2016,2.62,Y,Y,59.13
Vellore,5,1,1,2400,2022,3.39,Y,Y,104.27
Chennai,2,1,1,951,2011,3.37,Y,Y,74.16
Coimbatore,2,1,1,779,2022,2.8,Y,N,42.12
Vellore,3,1,1,1312,2014,6.02,Y,Y,46.14
Trichy,1,1,1,589,2012,4.01,Y,Y,26.73
Coimbatore,2,1,1,1058,2024,3.39,Y,N,57.21
Thoothukudi,3,1,1,1507,2017,6.91,Y,Y,46.2
Thoothukudi,5,1,1,2787,2016,6.51,Y,Y,85.45
Coimbatore,3,1,1,1161,2008,4.15,Y,Y,57.27
Thoothukudi,1,1,1,525,2012,7.4,Y,Y,16.1
Erode,3,1,1,1170,2016,5.11,Y,Y,43.87
Erode,1,1,1,690,2020,2.81,Y,N,28.36
Chennai,2,1,1,988,2009,4.75,Y,N,66.25
Trichy,3,1,1,1479,2010,3.83,N,N,71.44
Erode,1,1,1,521,2017,3.64,Y,Y,22.05
Chennai,1,1,1,698,2002,5.29,Y,N,46.8
Vellore,5,1,1,2684,2004,6.48,Y,Y,94.39
Tirunelveli,5,1,1,2685,2012,7.23,N,Y,82.28
Salem,1,1,1,478,2020,4.04,Y,Y,18.86
Tirunelveli,2,1,1,909,2001,6.82,Y,Y,28.69
Vellore,2,1,1,700,2021,3.26,N,N,28.66
Trichy,5,1,1,3424,2003,5.77,Y,N,150.87
Thoothukudi,5,1,1,3174,2012,7.91,Y,Y,97.31
Madurai,1,1,1,502,2020,4.78,Y,Y,22.29
Trichy,4,1,1,1970,2013,3.93,Y,Y,100.95
Chennai,3,1,1,1307,2021,5.93,Y,Y,90.27
Trichy,5,1,1,3135,2015,3.91,Y,Y,160.64
Vellore,2,1,1,1007,2007,3.0,Y,Y,43.75
Thoothukudi,3,1,1,1238,2013,8.08,Y,Y,37.96
Trichy,1,1,1,581,2016,5.87,Y,Y,26.37
Madurai,3,1,1,1208,2003,3.55,Y,Y,60.55
Erode,2,1,1,861,2008,5.44,N,N,30.43
Chennai,5,1,1,2971,2016,2.71,Y,Y,231.67
Salem,4,1,1,1725,2010,4.63,Y,N,66.1
Chennai,1,1,1,436,2018,5.19,N,N,28.38
Vellore,2,1,1,965,2016,6.45,Y,Y,33.94
Trichy,3,1,1,1472,2015,3.13,N,N,71.1
Trichy,5,1,1,2366,2017,4.42,Y,Y,107.38
Tiruppur,3,1,1,1584,2018,3.81,Y,Y,65.29
Coimbatore,2,1,1,706,2011,2.98,N,Y,38.18
Salem,2,1,1,883,2020,2.47,Y,N,38.2
Chennai,2,1,1,1086,2011,4.9,N,Y,72.82
Salem,2,1,1,1038,2018,3.33,N,Y,44.9
Vellore,5,1,1,2374,2023,5.43,N,Y,88.69
Tiruppur,5,1,1,3216,2021,3.97,Y,N,128.69
Chennai,4,1,1,1769,2023,4.59,N,N,115.16
Coimbatore,2,1,1,1099,2009,1.87,Y,Y,61.21
Vellore,5,1,1,2746,2017,4.54,Y,Y,105.66
Trichy,1,1,1,670,2003,4.04,Y,Y,30.41
Thoothukudi,2,1,1,1024,2019,7.99,N,N,29.59
Madurai,4,1,1,1991,2007,5.04,N,Y,85.82
Tirunelveli,3,1,1,1386,2002,6.2,Y,Y,43.74
Coimbatore,1,1,1,640,2016,3.46,Y,N,34.61
Erode,4,1,1,2105,2002,3.87,N,N,83.99
Tiruppur,5,1,1,2576,2024,2.43,Y,N,103.08
Tiruppur,4,1,1,1927,2014,3.38,Y,Y,79.42
Madurai,2,1,1,1047,2000,3.84,Y,Y,52.48
Tiruppur,4,1,1,1713,2019,5.79,Y,N,60.71
Vellore,2,1,1,893,2010,4.07,N,Y,33.36
Erode,3,1,1,1395,2013,3.41,Y,Y,59.05
Salem,3,1,1,1217,2014,3.63,Y,Y,54.23
Salem,3,1,1,1447,2016,4.33,N,Y,55.44
Erode,5,1,1,3474,2001,4.33,N,Y,126.45
Coimbatore,1,1,1,457,2010,4.74,Y,Y,22.54
Trichy,5,1,1,3005,2002,3.28,Y,N,149.5
Vellore,1,1,1,588,2001,5.34,N,N,21.33
Tiruppur,1,1,1,678,2006,4.32,Y,Y,24.75
Thoothukudi,2,1,1,832,2013,5.79,Y,N,27.1
Tirunelveli,5,1,1,3177,2001,4.99,Y,N,106.51
Tirunelveli,4,1,1,1807,2022,4.96,Y,Y,62.4
Madurai,2,1,1,853,2019,6.89,Y,Y,34.61
Tirunelveli,4,1,1,1654,2010,4.31,N,N,53.84
Vellore,5,1,1,2573,2012,3.47,Y,N,108.53
Trichy,2,1,1,837,2021,4.96,N,Y,36.88
Erode,1,1,1,668,2023,4.19,N,N,23.61
Tiruppur,4,1,1,2193,2014,6.13,Y,Y,73.17
Madurai,2,1,1,1023,2015,3.1,Y,Y,51.28
Salem,4,1,1,2173,2024,3.98,N,Y,94.0
Tiruppur,1,1,1,692,2006,5.97,N,Y,24.53
Thoothukudi,3,1,1,1146,2024,7.68,N,N,33.12
Trichy,2,1,1,961,2024,4.79,N,N,41.11
Erode,2,1,1,878,2007,4.24,Y,N,31.96
Tiruppur,3,1,1,1240,2010,3.77,Y,Y,51.11
Madurai,3,1,1,1375,2016,6.55,N,Y,54.17
Chennai,1,1,1,518,2011,4.11,Y,N,34.73
Madurai,5,1,1,2608,2013,4.9,Y,Y,115.79
Thoothukudi,1,1,1,557,2014,6.82,N,N,16.1
Tirunelveli,4,1,1,1702,2013,7.31,Y,N,52.15
Madurai,1,1,1,499,2004,6.12,N,Y,19.66
Erode,2,1,1,976,2013,5.13,Y,Y,36.59
Trichy,3,1,1,1324,2012,2.2,Y,N,65.87
Tiruppur,2,1,1,807,2000,4.61,N,Y,28.6
Madurai,5,1,1,2892,2012,4.87,N,Y,124.66
Trichy,1,1,1,603,2006,2.98,N,Y,30.0
Chennai,1,1,1,640,2005,5.48,N,Y,42.91
Chennai,2,1,1,806,2022,6.06,Y,Y,50.88
Salem,4,1,1,1888,2018,2.52,Y,N,81.67
Trichy,3,1,1,1536,2020,4.83,N,Y,67.68
Trichy,1,1,1,431,2022,5.8,Y,Y,19.56
Erode,4,1,1,1783,2024,5.38,Y,Y,66.85
Tirunelveli,3,1,1,1137,2009,7.0,Y,Y,35.89
Thoothukudi,4,1,1,1755,2005,8.08,Y,N,52.24
Coimbatore,1,1,1,661,2009,3.91,Y,Y,36.82
Erode,1,1,1,430,2005,4.97,N,Y,15.65
Thoothukudi,1,1,1,453,2014,5.55,Y,Y,15.2
Thoothukudi,1,1,1,594,2004,8.11,Y,N,17.68
Erode,4,1,1,2241,2015,3.68,Y,N,92.1
Trichy,2,1,1,738,2013,3.4,N,N,35.65
Salem,2,1,1,808,2024,4.3,Y,Y,31.89
Salem,1,1,1,635,2002,5.4,Y,Y,25.06
Vellore,2,1,1,1015,2016,4.2,Y,Y,39.06
Chennai,3,1,1,1427,2023,2.62,Y,Y,111.27
Salem,5,1,1,2995,2007,5.92,Y,N,114.76
Vellore,1,1,1,530,2014,5.0,Y,Y,20.39
Coimbatore,2,1,1,988,2017,4.58,Y,N,47.32
Madurai,2,1,1,702,2005,5.03,Y,Y,31.17
Tirunelveli,2,1,1,724,2016,6.35,N,Y,22.19
Coimbatore,4,1,1,2001,2017,1.81,N,Y,108.2
Thoothukudi,4,1,1,1770,2010,8.36,N,N,51.15
Vellore,2,1,1,1064,2004,3.81,N,Y,44.88
Thoothukudi,3,1,1,1222,2001,5.49,N,N,38.64
Tirunelveli,1,1,1,486,2015,5.0,Y,Y,16.78
Trichy,5,1,1,2771,2016,5.84,Y,N,122.1
Trichy,4,1,1,2257,2012,3.42,Y,Y,115.65
Salem,2,1,1,1074,2017,5.23,Y,Y,42.39
Trichy,1,1,1,667,2013,4.56,N,Y,29.39
Erode,2,1,1,765,2018,4.1,Y,N,27.85
Tirunelveli,1,1,1,539,2021,6.04,Y,Y,17.01
Thoothukudi,1,1,1,561,2003,6.73,N,Y,16.7
Madurai,1,1,1,430,2019,3.21,Y,Y,21.55
Thoothukudi,2,1,1,990,2003,7.27,Y,Y,30.35
Salem,1,1,1,415,2006,5.04,Y,Y,16.38
Tiruppur,3,1,1,1568,2016,3.88,Y,Y,64.63
Trichy,4,1,1,1900,2024,3.11,Y,Y,97.36
Chennai,4,1,1,1738,2007,4.08,Y,N,116.54
Vellore,3,1,1,1153,2004,2.73,Y,Y,50.09
Erode,5,1,1,2731,2016,4.06,Y,N,99.41
Tiruppur,5,1,1,2877,2000,3.52,Y,N,115.12
Coimbatore,4,1,1,1618,2004,3.38,N,Y,87.49
Vellore,3,1,1,1167,2022,6.37,Y,Y,41.04
Tiruppur,1,1,1,511,2021,5.26,Y,Y,18.65
Tiruppur,1,1,1,635,2010,2.9,N,Y,25.41
Trichy,3,1,1,1224,2015,3.54,Y,Y,62.72
Tiruppur,2,1,1,1087,2019,3.18,Y,Y,44.8
Tirunelveli,2,1,1,1006,2011,4.54,Y,N,33.73
Chennai,5,1,1,3400,2011,3.25,Y,Y,265.12
Vellore,2,1,1,848,2022,6.16,Y,Y,29.82
Thoothukudi,4,1,1,1911,2014,8.41,Y,Y,58.59
Vellore,4,1,1,1637,2008,5.74,N,Y,61.16
Erode,4,1,1,2146,2002,3.91,Y,N,88.19
Tirunelveli,5,1,1,3281,2014,4.93,Y,N,110.0
Chennai,2,1,1,1095,2021,3.5,Y,Y,85.38
Erode,5,1,1,3488,2003,5.19,Y,N,126.96
Salem,1,1,1,654,2010,3.92,Y,N,28.29
Chennai,4,1,1,1765,2003,6.09,Y,N,108.17
Vellore,4,1,1,1669,2021,5.58,N,Y,62.35
Coimbatore,4,1,1,1927,2016,3.65,Y,Y,107.33
Coimbatore,1,1,1,416,2008,3.95,Y,N,22.5
Erode,4,1,1,1713,2004,3.04,N,Y,70.4
Tiruppur,1,1,1,683,2004,5.66,Y,Y,24.93
Vellore,5,1,1,3393,2016,4.17,Y,Y,130.56
Thoothukudi,1,1,1,607,2000,7.05,Y,N,18.07
Tirunelveli,5,1,1,2985,2011,4.77,Y,Y,103.08
Salem,2,1,1,933,2013,3.01,Y,Y,41.57
Erode,4,1,1,1622,2015,4.79,Y,Y,60.81
Salem,3,1,1,1380,2022,5.89,Y,N,52.88
Chennai,1,1,1,430,2023,5.44,Y,Y,29.7
Erode,1,1,1,476,2007,4.6,N,Y,17.33
Erode,3,1,1,1596,2024,1.66,N,Y,65.59
Madurai,5,1,1,3141,2016,5.96,Y,Y,139.46
Tirunelveli,3,1,1,1178,2014,7.7,Y,Y,37.18
Thoothukudi,4,1,1,2189,2023,6.9,N,Y,65.16
Thoothukudi,4,1,1,1799,2013,6.13,N,Y,53.55
Salem,4,1,1,1975,2016,5.81,Y,Y,77.94
Trichy,4,1,1,1668,2001,5.36,Y,N,73.5
Madurai,3,1,1,1431,2022,5.36,N,Y,61.68
Vellore,4,1,1,1723,2017,4.0,Y,Y,74.85
Coimbatore,4,1,1,1896,2007,4.6,Y,N,90.81
Madurai,3,1,1,1293,2001,3.19,Y,N,62.93
Erode,4,1,1,2106,2014,2.91,Y,N,86.55
Vellore,1,1,1,479,2014,5.0,Y,Y,18.43
Coimbatore,4,1,1,2040,2006,4.77,Y,Y,100.64
Salem,2,1,1,1056,2014,2.83,Y,N,45.68
Salem,2,1,1,962,2017,4.72,Y,N,36.86
Vellore,4,1,1,1738,2005,6.09,Y,Y,61.12
Tirunelveli,3,1,1,1226,2002,5.59,N,Y,41.1
Coimbatore,3,1,1,1361,2009,5.78,Y,Y,67.14
Tirunelveli,4,1,1,1655,2009,5.54,Y,N,55.49
Madurai,1,1,1,504,2013,5.48,Y,N,21.73
Tirunelveli,3,1,1,1116,2021,7.25,Y,Y,35.22
Salem,1,1,1,641,2007,2.57,Y,N,27.73
Chennai,4,1,1,1993,2014,4.24,N,Y,133.64
Chennai,3,1,1,1219,2023,5.04,Y,Y,84.19
Coimbatore,4,1,1,2178,2008,2.69,Y,Y,121.31
Tiruppur,4,1,1,1675,2014,4.5,Y,Y,61.15
Coimbatore,2,1,1,965,2001,5.61,Y,Y,47.61
Trichy,4,1,1,2054,2017,5.03,N,Y,90.51
Salem,3,1,1,1270,2011,2.73,Y,Y,56.59
Vellore,1,1,1,578,2021,4.16,Y,Y,22.24
Madurai,5,1,1,3064,2001,5.25,Y,N,132.08
Salem,3,1,1,1147,2004,5.29,Y,Y,45.27
Thoothukudi,5,1,1,3188,2020,5.19,N,Y,103.83
Thoothukudi,2,1,1,904,2007,5.75,Y,Y,30.33
Madurai,3,1,1,1440,2011,3.25,Y,N,70.08
Thoothukudi,4,1,1,1971,2002,7.96,Y,N,58.67
Salem,5,1,1,2985,2006,2.47,N,Y,129.13
Trichy,3,1,1,1491,2008,5.23,Y,Y,67.67
Coimbatore,5,1,1,3308,2013,4.55,Y,N,158.44
Erode,1,1,1,603,2008,4.23,Y,Y,22.61
Erode,3,1,1,1227,2004,4.75,Y,Y,46.0
Salem,4,1,1,1640,2023,4.91,Y,N,62.84
Coimbatore,3,1,1,1370,2022,2.23,Y,Y,76.31
Thoothukudi,5,1,1,3396,2008,4.67,N,Y,110.6
Salem,2,1,1,929,2024,5.36,Y,Y,36.66
Coimbatore,2,1,1,905,2016,2.24,N,Y,48.94
Chennai,1,1,1,666,2000,3.79,Y,Y,51.93
Chennai,3,1,1,1536,2020,6.14,Y,Y,96.96
Salem,1,1,1,498,2006,3.33,N,Y,21.54
Chennai,5,1,1,2530,2022,5.39,Y,Y,174.73
Trichy,3,1,1,1590,2020,4.07,N,Y,70.06
Thoothukudi,5,1,1,2377,2020,5.24,Y,Y,79.74
Coimbatore,1,1,1,610,2022,3.46,Y,Y,33.98
Madurai,1,1,1,482,2009,6.62,N,N,18.44
Salem,2,1,1,958,2003,2.8,Y,N,41.44
Thoothukudi,5,1,1,2689,2012,7.61,Y,N,80.04
Salem,5,1,1,3342,2017,5.33,Y,N,128.05
Tirunelveli,5,1,1,2453,2005,5.56,N,Y,82.24
Trichy,2,1,1,740,2023,5.37,Y,Y,33.59
Tirunelveli,4,1,1,1722,2024,5.68,Y,N,57.73
Tiruppur,1,1,1,508,2000,3.44,Y,Y,20.94
Chennai,3,1,1,1220,2016,4.78,N,Y,81.8
Coimbatore,4,1,1,1877,2011,1.96,Y,N,101.5
Thoothukudi,3,1,1,1197,2004,7.58,N,Y,35.63
Madurai,3,1,1,1557,2023,6.92,Y,Y,63.18
Salem,1,1,1,495,2013,2.59,Y,N,21.41
Tirunelveli,3,1,1,1350,2008,5.28,Y,Y,46.62
Chennai,3,1,1,1537,2016,3.3,Y,N,116.36
Chennai,5,1,1,2749,2011,3.59,N,Y,208.11
Madurai,4,1,1,2127,2016,4.41,Y,Y,94.44
Thoothukudi,2,1,1,707,2013,6.95,Y,Y,21.68
Madurai,3,1,1,1440,2019,4.66,Y,Y,63.93
Madurai,2,1,1,822,2013,5.16,Y,Y,36.5
Tirunelveli,2,1,1,830,2003,6.13,Y,Y,26.2
Tirunelveli,3,1,1,1425,2015,7.34,N,N,42.39
Chennai,2,1,1,768,2016,2.57,N,Y,58.14
Chennai,4,1,1,1733,2018,3.68,N,Y,131.2
Erode,5,1,1,2886,2008,3.32,N,Y,118.61
Salem,1,1,1,544,2022,3.19,Y,N,23.53
Madurai,2,1,1,1076,2022,3.49,Y,N,52.37
Erode,4,1,1,2186,2020,1.7,Y,Y,92.53
Salem,4,1,1,2093,2020,4.74,N,N,77.86
Coimbatore,1,1,1,431,2009,1.81,Y,Y,24.01
Vellore,5,1,1,2655,2012,2.77,Y,Y,115.34
Vellore,4,1,1,2235,2024,4.08,Y,N,83.5
Salem,2,1,1,768,2010,3.05,Y,Y,34.22
Madurai,3,1,1,1165,2011,6.54,Y,Y,47.28
Madurai,4,1,1,2067,2008,4.45,Y,Y,91.77
Coimbatore,5,1,1,3376,2011,2.55,Y,N,182.56
Tiruppur,3,1,1,1321,2001,3.21,Y,Y,54.45
Thoothukudi,4,1,1,2147,2015,6.67,Y,Y,65.83
Chennai,3,1,1,1336,2010,6.1,Y,N,81.88
Tiruppur,2,1,1,888,2021,4.31,Y,Y,32.42
Vellore,1,1,1,596,2018,5.51,Y,Y,22.93
Thoothukudi,2,1,1,969,2010,5.47,Y,Y,32.51
Tirunelveli,3,1,1,1308,2002,7.41,Y,N,40.08
Vellore,5,1,1,2893,2013,5.68,Y,Y,111.32
Coimbatore,5,1,1,3466,2016,4.95,Y,Y,170.98
Coimbatore,2,1,1,993,2010,4.27,Y,Y,48.99
Thoothukudi,2,1,1,1060,2002,4.96,Y,N,34.52
Madurai,2,1,1,1023,2010,6.84,Y,Y,41.51
Vellore,2,1,1,953,2015,4.98,Y,Y,36.67
Tiruppur,5,1,1,3076,2011,3.47,N,N,119.5
Vellore,4,1,1,2183,2002,5.53,Y,Y,84.0
Madurai,1,1,1,422,2017,5.87,Y,N,18.19
Coimbatore,3,1,1,1191,2016,5.07,Y,Y,58.75
Erode,2,1,1,863,2002,2.79,Y,Y,36.53
Salem,5,1,1,2387,2018,5.0,Y,Y,94.2
Chennai,5,1,1,2316,2000,5.35,Y,Y,159.95
Vellore,2,1,1,839,2005,5.34,Y,Y,32.28
Salem,5,1,1,3107,2013,3.6,Y,Y,138.44
Tiruppur,2,1,1,722,2011,2.76,Y,Y,29.76
Tirunelveli,1,1,1,492,2020,4.87,N,Y,16.5
Trichy,3,1,1,1218,2013,3.85,Y,Y,62.41
Vellore,4,1,1,1817,2008,6.31,N,Y,62.04
Tirunelveli,5,1,1,3287,2010,4.19,Y,Y,113.51
Thoothukudi,4,1,1,2213,2002,5.53,Y,Y,74.24
Madurai,5,1,1,2361,2013,3.34,Y,Y,118.35
Chennai,4,1,1,1870,2012,4.07,Y,Y,129.15
Vellore,3,1,1,1342,2004,5.87,N,N,48.67
Vellore,1,1,1,487,2009,5.77,Y,Y,18.74
Trichy,1,1,1,511,2004,3.39,Y,N,25.42
Thoothukudi,3,1,1,1466,2004,8.03,Y,Y,44.95
Erode,4,1,1,1811,2010,4.42,Y,Y,67.9
Coimbatore,1,1,1,655,2005,3.89,Y,Y,36.48
Vellore,4,1,1,1874,2023,4.36,Y,N,70.01
Madurai,4,1,1,1690,2008,5.44,Y,Y,75.03
Erode,2,1,1,754,2024,3.79,Y,N,30.99
Vellore,3,1,1,1301,2022,3.89,Y,N,54.87
Chennai,5,1,1,2952,2002,5.02,N,Y,197.94
Erode,2,1,1,708,2001,4.11,Y,Y,26.54
Coimbatore,1,1,1,583,2021,2.11,Y,Y,32.47
Vellore,1,1,1,553,2016,3.13,Y,Y,24.02
Trichy,4,1,1,2246,2021,4.52,Y,Y,101.94
Madurai,4,1,1,2243,2005,6.06,Y,Y,91.02
Tiruppur,4,1,1,2051,2014,4.18,Y,Y,74.87
Tiruppur,5,1,1,3497,2022,5.38,Y,N,123.94
Thoothukudi,5,1,1,3086,2019,7.56,N,Y,91.86
Tiruppur,2,1,1,944,2000,2.5,Y,Y,38.91
Coimbatore,2,1,1,765,2012,3.84,Y,N,41.37
Erode,1,1,1,480,2002,2.5,N,N,19.15
Salem,1,1,1,584,2015,4.13,Y,N,22.38
Coimbatore,5,1,1,2844,2005,4.6,Y,Y,140.3
Thoothukudi,3,1,1,1507,2013,7.51,Y,Y,46.2
Tirunelveli,3,1,1,1385,2019,4.63,Y,Y,47.83
Madurai,5,1,1,2961,2017,4.96,Y,N,127.64
Erode,2,1,1,702,2021,2.11,Y,N,28.85
Madurai,5,1,1,2756,2007,4.43,Y,N,118.8
Tiruppur,5,1,1,3319,2003,3.8,N,Y,132.81
Thoothukudi,4,1,1,1907,2015,8.27,Y,Y,58.47
Vellore,3,1,1,1311,2008,5.4,Y,Y,50.45
Madurai,5,1,1,2802,2003,6.03,N,Y,110.39
Tiruppur,3,1,1,1471,2021,2.5,Y,N,58.86
Vellore,3,1,1,1306,2023,3.94,N,Y,55.09
Chennai,3,1,1,1377,2003,5.1,Y,Y,95.1
Chennai,5,1,1,3438,2021,5.79,Y,Y,237.44
Salem,3,1,1,1355,2013,2.52,Y,Y,60.38
Tiruppur,4,1,1,1985,2006,5.62,N,Y,70.35
Tirunelveli,2,1,1,812,2007,5.2,Y,Y,28.04
Thoothukudi,4,1,1,1834,2006,8.31,Y,N,54.59
Madurai,4,1,1,1774,2016,3.46,N,Y,86.34
Madurai,2,1,1,948,2009,3.83,N,Y,46.14
Salem,3,1,1,1125,2010,6.05,Y,Y,40.58
Tirunelveli,1,1,1,529,2015,4.52,Y,Y,18.27
Thoothukudi,4,1,1,1767,2019,4.8,Y,Y,59.28
Vellore,2,1,1,909,2012,2.76,Y,N,38.34
Tirunelveli,5,1,1,2535,2019,6.23,Y,Y,80.01
Trichy,4,1,1,2046,2011,2.82,Y,Y,104.84
Tirunelveli,5,1,1,3222,2009,6.02,Y,Y,101.69
Tirunelveli,4,1,1,1719,2007,4.45,Y,Y,59.36
Salem,3,1,1,1590,2023,4.6,Y,N,60.92
Trichy,5,1,1,2955,2005,3.36,Y,Y,151.42
Salem,2,1,1,924,2020,2.83,Y,Y,41.17
Tiruppur,4,1,1,2055,2011,3.83,N,N,79.84
Thoothukudi,1,1,1,680,2024,6.75,Y,Y,20.85
Vellore,5,1,1,3401,2007,3.21,Y,Y,147.75
Chennai,1,1,1,565,2018,2.55,Y,N,42.77
Vellore,2,1,1,894,2010,4.9,Y,Y,34.4
Thoothukudi,1,1,1,692,2007,5.61,N,Y,22.54
Madurai,4,1,1,1705,2004,3.75,Y,N,82.98
Chennai,4,1,1,1944,2007,3.31,N,Y,147.17
Tirunelveli,5,1,1,3267,2010,7.73,N,Y,100.11
Chennai,5,1,1,3110,2005,4.52,Y,Y,214.79
Erode,1,1,1,668,2015,3.74,N,Y,27.45
Vellore,5,1,1,3430,2004,5.81,N,N,124.41
Vellore,4,1,1,1853,2001,5.05,Y,Y,71.3
Tiruppur,2,1,1,923,2012,3.95,Y,Y,38.04
Vellore,5,1,1,2967,2010,6.6,N,N,98.36
Salem,3,1,1,1286,2021,2.39,Y,Y,57.3
Madurai,5,1,1,2355,2021,3.33,N,Y,114.61
Madurai,2,1,1,907,2011,3.59,Y,Y,45.47
Erode,2,1,1,708,2010,3.98,Y,N,29.1
Erode,4,1,1,1723,2002,3.34,Y,Y,72.93
Vellore,2,1,1,842,2020,3.96,Y,N,35.51
Tiruppur,4,1,1,2286,2001,6.23,Y,Y,76.27
Vellore,3,1,1,1464,2010,5.76,Y,N,54.69
Tirunelveli,2,1,1,1079,2012,5.35,Y,Y,37.26
Tiruppur,2,1,1,1017,2011,2.43,Y,Y,41.92
Chennai,3,1,1,1142,2006,5.91,Y,Y,78.87
Madurai,1,1,1,465,2017,3.43,Y,Y,23.31
Vellore,1,1,1,493,2015,6.16,Y,Y,17.34
Vellore,5,1,1,3440,2024,3.32,Y,N,145.09
Thoothukudi,2,1,1,858,2002,5.39,Y,Y,28.78
Erode,2,1,1,989,2001,4.82,Y,Y,37.08
Chennai,4,1,1,2172,2008,5.23,Y,N,145.64
Erode,5,1,1,2553,2013,3.27,Y,Y,108.07
Tirunelveli,4,1,1,1647,2012,5.9,Y,N,55.22
Thoothukudi,3,1,1,1329,2007,7.44,N,Y,39.56
Coimbatore,1,1,1,563,2023,4.83,Y,Y,27.77
Madurai,3,1,1,1600,2000,4.17,Y,Y,71.04
Tiruppur,5,1,1,3328,2017,2.56,Y,N,133.17
Tirunelveli,5,1,1,3216,2004,4.84,Y,Y,111.06
Tirunelveli,4,1,1,2244,2004,4.19,Y,Y,77.49
Coimbatore,1,1,1,546,2002,3.28,N,N,28.66
Salem,5,1,1,2801,2003,3.82,Y,Y,124.81
Erode,1,1,1,444,2010,4.04,Y,N,16.16
Coimbatore,2,1,1,1031,2009,1.87,Y,Y,57.42
Tirunelveli,1,1,1,421,2001,7.49,Y,Y,13.29
Chennai,5,1,1,2582,2004,5.0,Y,N,173.13
Thoothukudi,5,1,1,2376,2020,6.04,Y,Y,72.85
Trichy,3,1,1,1323,2020,3.39,Y,N,65.82
Tiruppur,1,1,1,515,2020,3.87,Y,Y,21.23
Vellore,2,1,1,784,2009,4.15,N,N,28.44
Coimbatore,4,1,1,1639,2016,4.72,Y,Y,80.85
Salem,2,1,1,833,2008,4.79,N,Y,31.92
Erode,4,1,1,1853,2021,3.93,N,N,73.93
Salem,3,1,1,1208,2018,5.83,Y,Y,47.67
Tiruppur,5,1,1,3154,2015,4.83,N,Y,111.79
Chennai,5,1,1,3071,2003,5.45,Y,Y,212.1
Vellore,2,1,1,737,2015,6.0,N,Y,27.53
Coimbatore,4,1,1,2016,2017,5.44,Y,N,96.56
Trichy,5,1,1,2902,2012,4.41,Y,Y,131.71
Tirunelveli,1,1,1,451,2012,5.01,Y,Y,15.57
Madurai,3,1,1,1324,2007,3.45,N,Y,64.44
Coimbatore,2,1,1,925,2012,4.17,Y,Y,45.63
Madurai,5,1,1,3026,2015,6.17,Y,N,119.22
Vellore,3,1,1,1286,2001,4.92,Y,Y,49.48
Thoothukudi,4,1,1,1722,2014,8.11,Y,Y,52.8
Tirunelveli,4,1,1,1696,2013,4.15,Y,Y,58.57
Coimbatore,3,1,1,1527,2024,2.81,Y,Y,85.05
Chennai,3,1,1,1234,2024,2.92,Y,Y,96.22
Tirunelveli,5,1,1,2593,2019,7.61,Y,Y,81.84
Tirunelveli,3,1,1,1144,2021,6.69,Y,N,35.06
Trichy,4,1,1,2171,2001,3.02,Y,N,108.01
Madurai,1,1,1,496,2017,6.23,Y,Y,20.13
Tirunelveli,2,1,1,859,2005,7.27,Y,Y,27.11
Vellore,3,1,1,1437,2021,3.18,Y,N,60.61
Salem,1,1,1,487,2013,4.98,Y,Y,19.22
Madurai,3,1,1,1280,2010,4.54,Y,Y,56.83
Erode,2,1,1,745,2006,3.63,N,N,29.73
Tirunelveli,3,1,1,1137,2000,6.3,Y,N,34.84
Tirunelveli,2,1,1,946,2010,4.03,Y,Y,32.67
Chennai,5,1,1,2860,2020,6.01,N,Y,175.28
Vellore,2,1,1,941,2002,3.31,Y,Y,40.88
Madurai,5,1,1,2733,2015,5.12,Y,N,117.81
Madurai,4,1,1,2081,2005,4.81,Y,N,89.7
Madurai,4,1,1,2057,2023,4.72,Y,N,88.67
Tirunelveli,5,1,1,3341,2003,6.32,N,N,99.39
Tiruppur,4,1,1,2255,2022,4.13,Y,Y,82.32
Thoothukudi,3,1,1,1237,2019,6.94,N,Y,36.82
Vellore,3,1,1,1426,2015,3.33,N,N,58.39
Erode,4,1,1,2116,2008,4.34,Y,N,77.02
Tirunelveli,2,1,1,907,2020,5.69,Y,Y,31.32
Madurai,1,1,1,497,2002,4.59,N,N,20.8
Trichy,1,1,1,647,2014,4.39,Y,Y,29.36
Trichy,5,1,1,3393,2007,2.76,Y,Y,173.86
Coimbatore,5,1,1,2332,2003,3.39,Y,N,126.1
Madurai,2,1,1,916,2004,5.15,N,N,38.33
Trichy,5,1,1,3382,2022,4.95,Y,N,149.02
Trichy,1,1,1,456,2011,3.1,N,N,22.02
Thoothukudi,4,1,1,2157,2003,5.94,Y,N,70.25
Tirunelveli,5,1,1,2472,2000,6.7,N,Y,75.75
Erode,2,1,1,820,2022,3.02,Y,Y,34.71
Madurai,4,1,1,2268,2005,6.24,Y,N,89.35
Tiruppur,5,1,1,2569,2004,6.03,N,Y,83.22
Tiruppur,2,1,1,918,2020,2.7,N,Y,36.73
Chennai,4,1,1,1728,2002,2.74,Y,Y,134.74
Vellore,5,1,1,3491,2015,6.39,Y,Y,122.77
Thoothukudi,5,1,1,2431,2001,6.76,Y,Y,74.53
Madurai,4,1,1,2143,2012,4.67,Y,N,92.38
Trichy,4,1,1,2165,2002,5.05,Y,N,95.4
Madurai,1,1,1,548,2001,4.77,Y,N,23.62
Chennai,5,1,1,3228,2002,6.19,N,Y,197.83
Trichy,5,1,1,2320,2019,5.57,Y,N,102.23
Tirunelveli,4,1,1,1781,2012,7.18,Y,Y,56.21
Salem,4,1,1,1892,2016,5.5,N,Y,72.49
Tiruppur,5,1,1,3384,2019,2.99,Y,Y,139.47
Tiruppur,1,1,1,569,2005,2.91,N,Y,22.77
Madurai,5,1,1,3228,2021,5.72,N,Y,139.14
Chennai,1,1,1,551,2018,5.18,Y,Y,38.05
Salem,4,1,1,1976,2009,3.14,Y,Y,88.05
Salem,3,1,1,1407,2008,4.02,Y,Y,55.53
Thoothukudi,2,1,1,1077,2008,7.51,Y,Y,33.02
Thoothukudi,5,1,1,2795,2015,7.87,Y,Y,85.69
Tirunelveli,1,1,1,543,2010,6.18,Y,Y,17.14
Chennai,4,1,1,2075,2001,4.97,Y,Y,143.31
Vellore,2,1,1,748,2020,6.22,N,N,24.8
Thoothukudi,5,1,1,2304,2009,5.27,Y,N,75.04
Tirunelveli,4,1,1,2194,2013,5.06,Y,Y,75.76
Erode,1,1,1,446,2019,4.21,N,N,15.76
Tirunelveli,2,1,1,703,2013,4.67,Y,N,23.57
Chennai,5,1,1,2724,2002,6.46,Y,Y,171.95
Erode,4,1,1,1832,2007,1.97,Y,Y,77.55
Tiruppur,2,1,1,797,2003,2.33,Y,Y,32.85
Coimbatore,5,1,1,3492,2009,3.07,N,Y,188.83
Tirunelveli,1,1,1,693,2011,4.12,Y,N,23.23
Chennai,1,1,1,570,2013,5.59,N,Y,38.22
Tirunelveli,2,1,1,913,2007,5.46,Y,Y,31.53
Erode,2,1,1,885,2005,2.55,Y,N,36.37
Madurai,2,1,1,969,2024,4.51,N,Y,41.77
Erode,3,1,1,1480,2013,1.59,Y,Y,62.65
Trichy,3,1,1,1552,2014,3.76,Y,Y,79.53
Thoothukudi,1,1,1,588,2015,4.84,Y,Y,19.72
Vellore,5,1,1,3310,2022,5.87,N,Y,123.66
Coimbatore,3,1,1,1369,2014,5.58,Y,N,65.57
Tiruppur,5,1,1,2536,2012,5.56,Y,Y,92.58
Vellore,1,1,1,562,2003,3.07,Y,N,23.7
Coimbatore,2,1,1,849,2022,5.02,Y,Y,41.88
Salem,4,1,1,2050,2006,2.5,Y,Y,91.34
Coimbatore,4,1,1,1870,2002,4.09,N,Y,89.56
Erode,5,1,1,2957,2009,5.12,Y,Y,110.86
Tirunelveli,4,1,1,1605,2006,5.02,N,Y,53.81
Coimbatore,4,1,1,2012,2002,3.65,Y,Y,112.06
Chennai,1,1,1,453,2021,3.0,Y,Y,35.32
Coimbatore,5,1,1,2479,2014,2.45,N,N,130.15
Vellore,5,1,1,3079,2011,6.52,Y,Y,108.28
Coimbatore,5,1,1,2430,2021,4.9,Y,N,116.38
Tirunelveli,3,1,1,1538,2004,7.12,Y,N,47.13
Vellore,5,1,1,2604,2009,3.0,Y,Y,113.13
Salem,2,1,1,855,2021,5.03,N,N,31.81
Salem,4,1,1,1924,2009,4.84,N,Y,73.72
Tiruppur,2,1,1,764,2007,6.11,Y,Y,25.49
Salem,2,1,1,1080,2002,5.39,Y,Y,42.62
Erode,1,1,1,514,2016,4.73,N,N,18.16
Coimbatore,3,1,1,1414,2004,2.75,N,Y,76.46
Tirunelveli,2,1,1,733,2024,5.98,Y,Y,25.31
Trichy,1,1,1,621,2024,5.46,Y,Y,28.18
Erode,1,1,1,565,2020,4.79,Y,Y,21.18
Trichy,4,1,1,2268,2003,5.73,Y,Y,102.93
Erode,2,1,1,1023,2003,4.53,Y,Y,38.35
Thoothukudi,1,1,1,647,2017,6.21,N,N,18.7
Vellore,4,1,1,1654,2003,4.93,N,Y,61.79
Chennai,3,1,1,1154,2022,5.19,Y,N,77.38
Salem,4,1,1,1913,2015,3.16,Y,Y,85.24
Thoothukudi,4,1,1,1854,2013,7.54,Y,Y,56.84
Erode,5,1,1,3037,2004,4.84,Y,Y,113.86
Vellore,3,1,1,1124,2008,6.63,N,Y,38.38
Chennai,1,1,1,459,2016,3.81,Y,Y,35.79
Vellore,3,1,1,1429,2000,5.65,Y,Y,54.99
Tirunelveli,3,1,1,1116,2019,5.4,N,Y,37.42
Coimbatore,5,1,1,2846,2014,4.72,Y,Y,140.4
Erode,2,1,1,1079,2019,3.92,N,Y,44.34
Erode,1,1,1,446,2019,2.89,Y,N,18.33
Erode,2,1,1,1078,2015,3.55,N,Y,44.3
Tiruppur,5,1,1,2410,2012,4.31,Y,N,85.42
Madurai,1,1,1,635,2018,4.33,Y,Y,28.19
Madurai,2,1,1,823,2002,3.74,Y,Y,41.25
Tirunelveli,1,1,1,509,2016,7.41,N,N,15.14
Coimbatore,4,1,1,1779,2022,3.64,Y,N,96.2
Coimbatore,2,1,1,842,2005,3.79,Y,Y,46.9
Trichy,3,1,1,1433,2015,2.93,Y,Y,73.43
Coimbatore,3,1,1,1469,2004,1.85,Y,Y,81.82
Thoothukudi,2,1,1,946,2008,4.95,Y,Y,31.73
Thoothukudi,5,1,1,2888,2004,5.87,N,Y,94.06
Thoothukudi,2,1,1,1039,2010,5.4,N,Y,33.84
Chennai,5,1,1,3045,2011,5.26,Y,Y,210.3
Vellore,5,1,1,2758,2012,3.88,N,Y,116.33
Vellore,5,1,1,3013,2014,3.3,Y,Y,130.9
Erode,1,1,1,465,2018,2.09,Y,Y,19.68
Coimbatore,2,1,1,1035,2006,2.0,Y,Y,57.65
Tirunelveli,1,1,1,491,2008,5.62,Y,N,16.46
Salem,1,1,1,487,2006,2.76,Y,Y,21.7
Madurai,1,1,1,685,2015,6.14,Y,Y,27.8
Vellore,1,1,1,694,2009,3.53,N,Y,29.27
Vellore,1,1,1,669,2011,4.95,Y,Y,25.74
Vellore,5,1,1,2647,2003,3.6,N,Y,111.65
Tiruppur,2,1,1,771,2012,4.9,Y,Y,28.15
Thoothukudi,2,1,1,928,2002,5.99,Y,Y,31.13
Vellore,5,1,1,2917,2008,5.56,Y,N,108.97
Trichy,5,1,1,2306,2006,3.78,Y,Y,118.16
Trichy,5,1,1,2552,2003,2.89,Y,Y,130.77
Salem,5,1,1,2845,2012,2.88,N,Y,123.07
Chennai,4,1,1,2099,2000,2.56,N,N,154.28
Tirunelveli,5,1,1,3362,2004,7.42,N,Y,103.02
Coimbatore,1,1,1,661,2000,4.47,N,Y,31.66
Trichy,5,1,1,2959,2001,5.22,Y,N,130.38
Salem,4,1,1,2092,2018,6.1,N,N,71.13
Tiruppur,4,1,1,1962,2007,4.16,N,Y,69.54
Salem,1,1,1,564,2007,3.07,Y,N,24.4
Erode,4,1,1,2026,2021,5.07,Y,N,73.75
Erode,2,1,1,1091,2007,1.86,Y,N,44.84
Erode,1,1,1,453,2018,2.83,Y,Y,19.18
Trichy,4,1,1,1810,2023,2.46,Y,Y,92.75
Trichy,4,1,1,2104,2019,2.31,Y,N,104.67
Trichy,4,1,1,2185,2020,4.61,Y,Y,99.17
Tiruppur,5,1,1,2580,2001,5.88,Y,N,91.44
Tiruppur,2,1,1,723,2015,2.88,Y,Y,29.8
Salem,4,1,1,1905,2004,3.39,Y,N,82.41
Trichy,2,1,1,884,2010,2.24,Y,Y,45.3
Madurai,5,1,1,2349,2010,5.87,Y,N,101.25
Vellore,5,1,1,2545,2004,2.8,Y,Y,110.56
Chennai,5,1,1,3007,2015,4.69,Y,Y,207.68
Trichy,3,1,1,1456,2022,3.28,N,Y,72.43
Thoothukudi,5,1,1,3148,2017,7.94,N,N,90.98
Salem,3,1,1,1322,2010,6.01,Y,N,46.3
Tiruppur,1,1,1,628,2008,3.48,Y,N,25.13
Salem,1,1,1,585,2002,6.09,N,N,19.89
Tirunelveli,4,1,1,2095,2008,4.04,N,Y,70.24
Erode,4,1,1,1923,2019,4.45,Y,Y,72.1
Chennai,1,1,1,514,2008,5.96,Y,N,34.47
Tirunelveli,5,1,1,2406,2012,6.52,Y,Y,75.94
Salem,3,1,1,1588,2013,3.64,Y,Y,70.76
Chennai,1,1,1,420,2009,2.65,Y,Y,32.75
Tirunelveli,3,1,1,1419,2014,5.54,N,Y,47.57
Tiruppur,4,1,1,1959,2005,3.75,Y,N,78.39
Tiruppur,5,1,1,2590,2009,3.89,Y,Y,106.75
Chennai,1,1,1,498,2016,2.66,Y,Y,38.83
Coimbatore,1,1,1,659,2003,2.48,N,N,34.6
Erode,3,1,1,1190,2021,4.13,Y,Y,44.62
Tirunelveli,5,1,1,2975,2019,4.09,Y,Y,102.73
Chennai,4,1,1,1672,2024,4.49,Y,Y,115.48
Salem,4,1,1,2095,2024,6.08,Y,N,73.37
Coimbatore,1,1,1,517,2024,5.09,Y,Y,25.5
Vellore,4,1,1,2083,2001,3.35,Y,Y,90.49
Erode,5,1,1,2820,2009,2.61,Y,Y,119.37
Tiruppur,5,1,1,2668,2008,5.03,Y,Y,97.4
Trichy,2,1,1,960,2024,2.27,Y,N,47.76
Trichy,4,1,1,2247,2004,3.09,Y,Y,115.14
Vellore,5,1,1,2621,2024,5.01,Y,Y,100.85
Thoothukudi,1,1,1,536,2009,8.39,N,Y,15.96
Salem,1,1,1,402,2018,4.84,Y,N,15.4
Tiruppur,3,1,1,1559,2012,3.24,N,Y,62.38
Salem,5,1,1,3330,2015,4.44,Y,Y,131.42
Trichy,4,1,1,2006,2021,4.55,N,Y,88.39
Salem,5,1,1,3262,2006,4.01,Y,Y,128.74
Madurai,3,1,1,1157,2018,3.4,Y,Y,58.0
Madurai,5,1,1,3470,2014,4.23,Y,Y,154.06
Erode,4,1,1,1658,2022,3.94,Y,Y,70.18
Tirunelveli,2,1,1,894,2008,4.5,Y,Y,30.87
Trichy,1,1,1,629,2013,5.46,Y,N,27.72
Chennai,5,1,1,3027,2013,5.51,Y,Y,209.06
Chennai,3,1,1,1533,2020,4.24,N,N,99.8
Thoothukudi,4,1,1,2096,2001,7.15,N,N,60.57
Vellore,4,1,1,1713,2008,2.84,N,N,70.15
Vellore,1,1,1,469,2011,6.68,Y,Y,16.49
Tirunelveli,3,1,1,1592,2009,5.02,Y,Y,54.98
Thoothukudi,5,1,1,3402,2010,6.33,Y,Y,104.31
Trichy,4,1,1,1864,2008,5.74,Y,Y,84.6
Tirunelveli,4,1,1,1999,2024,6.69,Y,N,61.25
Salem,2,1,1,701,2022,5.82,Y,N,26.86
Tirunelveli,2,1,1,1099,2000,6.74,Y,N,33.68
Vellore,2,1,1,970,2020,5.53,N,Y,36.24
Thoothukudi,3,1,1,1444,2016,8.02,Y,N,42.98
Tiruppur,5,1,1,2858,2005,5.24,Y,Y,104.33
Erode,1,1,1,520,2013,5.2,N,Y,18.93
Madurai,4,1,1,2045,2021,6.5,Y,Y,82.98
Thoothukudi,3,1,1,1200,2022,5.94,Y,Y,40.25
Erode,1,1,1,621,2011,2.4,Y,N,25.52
Tiruppur,3,1,1,1171,2008,4.26,Y,Y,42.75
Coimbatore,5,1,1,2528,2012,2.57,Y,Y,140.8
Chennai,4,1,1,1777,2010,4.93,Y,Y,122.73
Thoothukudi,1,1,1,578,2013,6.95,Y,Y,17.72
Tiruppur,2,1,1,806,2001,4.21,Y,Y,29.42
Trichy,2,1,1,1086,2023,3.23,Y,Y,55.65
Trichy,4,1,1,1906,2007,2.71,N,Y,94.82
Madurai,3,1,1,1419,2009,3.39,Y,Y,71.13
Thoothukudi,3,1,1,1564,2019,6.95,Y,Y,47.95
Thoothukudi,3,1,1,1315,2008,4.66,Y,Y,44.11
Madurai,5,1,1,3246,2019,6.62,Y,N,127.88
Thoothukudi,3,1,1,1149,2002,7.11,Y,Y,35.23
Trichy,5,1,1,2421,2011,4.41,Y,Y,109.88
Erode,5,1,1,2819,2004,2.37,N,Y,115.85
Trichy,5,1,1,2725,2023,3.93,N,Y,135.57
Salem,2,1,1,971,2016,3.4,Y,N,42.01
Trichy,3,1,1,1421,2017,4.52,Y,N,62.61
Chennai,2,1,1,929,2015,5.66,Y,Y,64.16
Vellore,5,1,1,2718,2002,4.3,Y,N,101.54
Tirunelveli,3,1,1,1201,2005,5.7,Y,Y,41.47
Salem,5,1,1,2803,2022,4.06,Y,Y,110.62
Vellore,4,1,1,2203,2007,5.64,N,Y,82.3
Salem,5,1,1,2462,2005,5.62,N,Y,94.33
Tiruppur,4,1,1,2091,2008,4.29,Y,N,74.11
Coimbatore,1,1,1,550,2000,3.57,Y,N,29.74
Madurai,5,1,1,3072,2019,6.83,Y,Y,124.66
Salem,1,1,1,562,2015,3.08,Y,Y,25.04
Chennai,3,1,1,1110,2008,2.81,N,Y,84.03
Coimbatore,5,1,1,2441,2004,4.18,N,Y,116.91
Trichy,4,1,1,1657,2005,3.69,Y,N,82.43
Salem,5,1,1,3110,2007,5.4,Y,Y,122.74
Trichy,3,1,1,1207,2002,4.65,Y,Y,54.78
Tirunelveli,5,1,1,2918,2011,5.58,N,N,94.98
Coimbatore,2,1,1,944,2001,4.58,Y,N,45.21
Vellore,3,1,1,1390,2006,3.07,N,Y,58.63
Chennai,4,1,1,1838,2000,3.24,Y,N,139.15
Vellore,2,1,1,932,2006,3.64,Y,N,39.31
Chennai,1,1,1,402,2003,5.14,N,Y,26.96
Erode,2,1,1,739,2017,3.97,Y,N,30.37
Salem,1,1,1,400,2013,2.51,Y,Y,17.82
Thoothukudi,4,1,1,2012,2001,5.18,Y,N,65.53
Salem,2,1,1,874,2017,5.09,N,N,32.51
Coimbatore,1,1,1,685,2022,5.21,N,Y,32.81
Salem,3,1,1,1126,2002,5.78,Y,N,43.14
Coimbatore,5,1,1,2971,2019,5.67,N,N,138.15
Erode,1,1,1,477,2015,3.12,N,N,19.03
Salem,4,1,1,2096,2019,3.95,Y,Y,93.39
Tiruppur,3,1,1,1292,2004,3.57,Y,N,51.7
Madurai,2,1,1,858,2012,6.46,N,Y,33.8
Salem,5,1,1,3149,2024,2.64,Y,Y,140.31
Salem,1,1,1,665,2005,4.19,Y,N,25.48
Salem,5,1,1,3442,2003,3.73,Y,Y,153.37
Coimbatore,5,1,1,3322,2021,4.94,Y,N,159.11
Chennai,5,1,1,2648,2012,4.47,Y,N,177.56
Tirunelveli,1,1,1,534,2008,6.94,Y,Y,16.85
Salem,2,1,1,1019,2008,5.26,Y,Y,40.22
Chennai,5,1,1,3403,2001,5.3,N,Y,228.18
Coimbatore,2,1,1,924,2021,3.85,Y,N,49.97
Madurai,4,1,1,2122,2008,6.51,N,Y,83.6
Salem,2,1,1,830,2002,3.84,Y,Y,36.98
Salem,2,1,1,702,2014,6.1,Y,Y,25.32
Chennai,1,1,1,619,2017,2.81,Y,Y,48.27
Thoothukudi,4,1,1,1757,2021,8.23,Y,Y,53.87
Vellore,4,1,1,2020,2023,3.12,Y,Y,87.76
Vellore,1,1,1,565,2001,2.82,Y,Y,24.55
Vellore,3,1,1,1487,2003,5.54,Y,Y,57.22
Vellore,4,1,1,2166,2008,3.42,Y,Y,94.1
Vellore,4,1,1,1705,2016,5.2,N,Y,63.7
Chennai,4,1,1,2038,2015,3.02,Y,N,154.29
Madurai,5,1,1,2776,2009,5.34,Y,Y,123.25
Thoothukudi,2,1,1,756,2011,5.13,N,N,23.9
Thoothukudi,4,1,1,2147,2007,5.29,N,Y,69.92
Salem,1,1,1,668,2021,4.5,Y,N,25.6
Tirunelveli,5,1,1,3496,2008,7.23,Y,Y,110.34
Erode,5,1,1,3392,2017,1.62,Y,N,139.4
Tirunelveli,4,1,1,1732,2001,6.13,Y,N,53.07
Tiruppur,5,1,1,2378,2004,3.73,N,Y,95.16
Coimbatore,4,1,1,2264,2005,4.67,Y,Y,111.69
Trichy,4,1,1,1663,2007,5.61,N,Y,73.28
Thoothukudi,1,1,1,562,2003,6.07,N,N,16.24
Erode,4,1,1,1755,2018,3.12,N,Y,72.13
Erode,2,1,1,897,2001,2.03,Y,N,36.86
Erode,5,1,1,3299,2006,5.2,N,Y,120.08
Madurai,3,1,1,1547,2008,4.44,N,N,64.74
Chennai,4,1,1,2229,2008,2.57,Y,N,168.75
Vellore,2,1,1,1032,2017,4.69,Y,N,38.55
Trichy,3,1,1,1556,2003,5.02,N,Y,68.56
Erode,4,1,1,1930,2017,2.67,Y,N,79.32
Trichy,5,1,1,2773,2000,5.03,Y,Y,125.85
Tirunelveli,4,1,1,1601,2022,6.13,Y,N,49.06
Vellore,1,1,1,596,2008,4.96,N,Y,22.27
Tirunelveli,5,1,1,2310,2009,5.13,N,N,75.19
Tirunelveli,5,1,1,2796,2001,5.05,Y,Y,96.55
Tiruppur,5,1,1,2348,2005,5.7,Y,Y,85.72
Trichy,1,1,1,424,2010,5.68,N,N,18.14
Coimbatore,5,1,1,3417,2010,5.46,Y,Y,168.57
Tiruppur,5,1,1,2300,2017,3.43,Y,Y,94.8
Madurai,5,1,1,2637,2016,4.3,Y,Y,117.08
Tirunelveli,2,1,1,794,2000,5.48,Y,Y,27.42
Coimbatore,3,1,1,1531,2011,5.39,Y,Y,75.53
Salem,4,1,1,1682,2002,5.4,Y,Y,66.38
Tirunelveli,1,1,1,585,2003,4.83,N,N,19.04
Coimbatore,5,1,1,2847,2002,3.85,Y,Y,158.57
Salem,1,1,1,465,2000,6.07,N,Y,16.28
Salem,1,1,1,540,2023,6.11,Y,Y,19.48
Thoothukudi,2,1,1,810,2024,5.12,Y,Y,27.17
Erode,5,1,1,3470,2018,2.56,Y,Y,146.88
Thoothukudi,2,1,1,721,2018,8.24,Y,Y,22.11
Trichy,5,1,1,2399,2012,5.92,Y,Y,108.88
Chennai,4,1,1,1682,2004,3.71,N,Y,127.34
Vellore,2,1,1,1012,2009,5.16,Y,Y,38.94
Coimbatore,5,1,1,2754,2013,3.36,Y,Y,153.39
Salem,2,1,1,918,2011,4.91,Y,Y,36.23
Tirunelveli,5,1,1,2873,2011,7.81,Y,Y,90.68
Chennai,5,1,1,3495,2010,6.47,N,Y,214.19
Trichy,1,1,1,673,2014,4.47,Y,N,29.65
Trichy,2,1,1,1044,2024,2.19,Y,Y,53.5
Trichy,2,1,1,813,2022,4.07,Y,Y,36.9
Thoothukudi,4,1,1,1604,2024,5.08,Y,N,52.24
Madurai,4,1,1,1616,2008,3.02,N,Y,78.65
Tiruppur,4,1,1,1988,2013,4.36,Y,N,70.46
Madurai,4,1,1,1643,2023,3.64,Y,N,79.96
Thoothukudi,4,1,1,2036,2006,6.15,Y,Y,62.42
Vellore,2,1,1,971,2001,6.07,N,N,32.19
